sample	group	model_score	nonzero_fraction	total_counts
GSM7788592	Colorectal	0.93407688217653	0.8277	99404
GSM7788593	Colorectal	0.987040009915079	0.83005	121106
GSM7788594	Colorectal	0.990215826807719	0.8439	109003
GSM7788595	Colorectal	0.994165330160834	0.828	122517
GSM7788596	Colorectal	0.974126682702959	0.79975	71215
GSM7788597	Colorectal	0.973399773338293	0.81605	85634
GSM7788607	Breast	0.940497201125662	0.7631	102550
GSM7788608	Breast	0.958250196262249	0.74775	90577
GSM7788609	Breast	0.820384801291753	0.71685	67918
GSM7788610	Breast	0.879626372712422	0.8142	129131
GSM7788611	Breast	0.960273266029049	0.7395	73092
GSM7788612	Breast	0.991595798574822	0.72525	79748
GSM7788613	Breast	0.958287684499909	0.7786	106097
GSM7788614	Breast	0.973756910179598	0.7712	112344
GSM7788615	Breast	0.777122085244294	0.7205	68378
GSM7788616	Breast	0.819303751174066	0.7298	70889
GSM7788617	Breast	0.988705549103487	0.7726	117028
GSM7788618	Breast	0.98294185027471	0.7942	85943
GSM7788619	Breast	0.925110540886066	0.8159	125510
GSM7788620	Breast	0.915227332113897	0.775	79986
GSM7788621	Breast	0.897962291204054	0.80465	115572
GSM7788622	Breast	0.910269172816386	0.77295	95846
GSM7788623	Breast	0.989184648185925	0.79215	110214
GSM7788624	Breast	0.988640711040986	0.79	111556
GSM7788625	Breast	0.968756149468261	0.78915	131929
GSM7788626	Breast	0.946900004755929	0.71605	80791
GSM7788627	Thymic	0.846982335408327	0.8277	93775
GSM7788628	Thymic	0.853948573916025	0.8119	84457
GSM7788629	Thymic	0.825181734581069	0.8368	101408
GSM7788630	Thymic	0.713131889036044	0.83735	97814
GSM7788631	Thymic	0.700464103160052	0.8106	80378
GSM7788632	Thymic	0.907271144990305	0.75535	68977
GSM7788633	Renal	0.938343095037594	0.79425	71937
GSM7788634	Renal	0.799692826350949	0.68655	43919
GSM7788635	Colorectal	0.989878947040397	0.81345	106383
GSM7788636	Colorectal	0.975023225827635	0.84465	184751
GSM7788637	Colorectal	0.994138174740418	0.8127	251019
GSM7788638	Colorectal	0.790151490464279	0.7763	115744
GSM7788639	Colorectal	0.654927854243377	0.44915	19272
GSM7788640	Colorectal	0.975760858873973	0.7739	119325
GSM7788641	Colorectal	0.725645457707099	0.68075	73976
GSM7788642	Colorectal	0.981518380233151	0.85555	255315
GSM7788643	Colorectal	0.847156697101773	0.76955	80842
GSM7788644	Colorectal	0.676380555748204	0.78125	81080
GSM7788645	Colorectal	0.7159627966137	0.60935	75531
GSM7788646	Colorectal	0.99051714845846	0.76655	110043
GSM7788647	Colorectal	0.832730666890448	0.73995	73628
GSM7788648	Colorectal	0.84383375755743	0.7293	84576
GSM7788649	Colorectal	0.881023525348399	0.7274	88130
GSM7788650	Colorectal	0.700464103160052	0.78205	95434
GSM7788651	Colorectal	0.945422029187695	0.84305	126343
GSM7788652	Prostate	0.692180149587516	0.79405	102593
GSM7788653	Prostate	0.90346092705158	0.7973	142362
GSM7788654	Prostate	0.958874900966815	0.7412	98421
GSM7788655	Prostate	0.794988508704136	0.6131	54129
GSM7788656	Prostate	0.90232641131547	0.83065	129799
GSM7788657	Prostate	0.77687737692161	0.7665	70265
GSM7788658	Prostate	0.983937264943399	0.53595	47907
GSM7788659	Prostate	0.988072440772208	0.7961	149190
GSM7788660	Prostate	0.669173421370769	0.721	78523
GSM7788661	Prostate	0.985375452589412	0.7522	128759
GSM7788662	Prostate	0.972656034830251	0.8364	168167
GSM7788663	Prostate	0.817867822653104	0.75355	117094
GSM7788664	Prostate	0.978826470326608	0.8108	113655
GSM7788665	Prostate	0.857179713576727	0.8201	122409
GSM7788666	Healthy	0.797961531757401	0.4857	30086
GSM7788667	Healthy	0.759987385735899	0.51025	39523
GSM7788668	Healthy	0.816670845819707	0.44565	26118
GSM7788669	Healthy	0.67475482515727	0.4567	29073
GSM7788670	Healthy	0.65256854966644	0.6819	57297
GSM7788671	Healthy	0.749503465793006	0.81405	120736
GSM7788672	Healthy	0.727088170127071	0.80405	120547
GSM7788673	Healthy	0.751751477235717	0.7678	85063
GSM7788674	Healthy	0.693834710329501	0.73265	75039
GSM7788675	Healthy	0.754689617602997	0.7602	86072
GSM7788676	Healthy	0.812883049280016	0.83115	132004
GSM7788677	Healthy	0.68094850256275	0.80775	104385
GSM7788678	Healthy	0.760580214489205	0.74505	79640
GSM7788679	Healthy	0.788006717356385	0.79835	112628
GSM7788680	Healthy	0.764220876820482	0.8055	110620
GSM7788681	Healthy	0.653962067040645	0.86265	229374
GSM7788682	Healthy	0.657418164191969	0.8067	101862
GSM7788683	Healthy	0.696847611723813	0.73295	74998
GSM7788684	Healthy	0.656821126043229	0.8166	105540
GSM7788685	Healthy	0.780583164154002	0.81255	100674
GSM7788686	Healthy	0.781527817175917	0.79115	102634
GSM7788687	Healthy	0.720540225689484	0.8061	101168
GSM7788688	Healthy	0.790135101175589	0.7755	92677
GSM7788689	Healthy	0.712346717260274	0.8157	105746
GSM7788690	Healthy	0.675903674118969	0.75655	92223
GSM7788691	Healthy	0.855411700359928	0.76815	87781
GSM7788692	Healthy	0.723175418783843	0.7162	67297
GSM7788693	Healthy	0.815645005981888	0.80225	117560
GSM7788694	Healthy	0.695636580194641	0.79215	88646
GSM7788695	Healthy	0.777071438190793	0.7697	81022
GSM7788696	Healthy	0.831937452707837	0.8398	118738
GSM7788697	Healthy	0.740864666499661	0.79065	78694
GSM7788698	Healthy	0.76341441158967	0.7656	87264
GSM7788699	Healthy	0.915235804403852	0.80055	138556
GSM7788700	Prostate	0.990343694131217	0.7242	100393
GSM7788701	Prostate	0.665191475143338	0.66435	105663
GSM7788702	NSCLC	0.934088389521467	0.64995	65166
GSM7788703	NSCLC	0.785407071299133	0.79775	138607
GSM7788704	NSCLC	0.659959728998095	0.66455	76974
GSM7788705	NSCLC	0.882705126477326	0.70555	79625
GSM7788706	NSCLC	0.752261594508061	0.75605	129836
GSM7788707	NSCLC	0.73301550076412	0.66995	70834
GSM7788708	SCLC	0.972638773488331	0.7526	128831
GSM7788709	NSCLC	0.879873358734779	0.8157	157473
GSM7788710	NSCLC	0.596014286523673	0.5854	55641
GSM7788711	NSCLC	0.837803190968969	0.74175	134717
GSM7788712	NSCLC	0.810173316654438	0.74245	100192
GSM7788713	NSCLC	0.909342203566863	0.73205	133127
GSM7788714	NSCLC	0.645729560464614	0.7361	144035
GSM7788715	NSCLC	0.910775107467606	0.71835	147546
GSM7788716	NSCLC	0.725652012591764	0.72415	152934
GSM7788717	NSCLC	0.634093846293848	0.39035	25975
GSM7788718	SCLC	0.763392394817364	0.7474	56667
GSM7788719	NSCLC	0.761099669718512	0.727	101150
GSM7788720	SCLC	0.836956643245064	0.8191	95370
GSM7788721	NSCLC	0.838567570080099	0.89035	118149
GSM7788722	SCLC	0.741552174078413	0.87645	128502
GSM7788723	SCLC	0.72577481498529	0.87725	118705
GSM7788724	SCLC	0.708435070212969	0.87695	115166
GSM7788725	SCLC	0.835611956168203	0.88975	141573
GSM7788726	SCLC	0.731639680770018	0.76785	107643
GSM7788727	SCLC	0.987651767730713	0.57535	86259
GSM7788728	Melanoma	0.970730258059163	0.85005	106003
GSM7788729	Melanoma	0.920575943072763	0.8297	80193
GSM7788730	Melanoma	0.655676618340342	0.83545	89443
GSM7788731	Melanoma	0.831954084261546	0.77345	53688
GSM7788732	Melanoma	0.782809468924788	0.7206	43127
GSM7788733	Melanoma	0.815303076573487	0.73645	55566
GSM7788734	Prostate	0.993025154404653	0.9138	254295
GSM7788735	Prostate	0.854352325279347	0.7857	99135
GSM7788736	NEPC	0.922691626814366	0.49355	60556
GSM7788737	NEPC	0.967050304493145	0.6702	94540
GSM7788738	NEPC	0.964739900519078	0.66085	87412
GSM7788739	Prostate	0.892519490406279	0.7434	77562
GSM7788740	Prostate	0.947633849724573	0.8378	112623
GSM7788741	Prostate	0.831255581067634	0.88475	122893
GSM7788742	Prostate	0.961807364132346	0.8876	144181
GSM7788743	Prostate	0.945948556435205	0.7192	79273
GSM7788744	Prostate	0.904868805789342	0.65265	79210
GSM7788745	Prostate	0.806351371343594	0.6938	74137
GSM7788746	Prostate	0.978714063827984	0.6795	84254
GSM7788747	Prostate	0.985581390332398	0.6564	110248
GSM7788748	Prostate	0.994051983419786	0.72675	123113
GSM7788749	Prostate	0.744131956231541	0.28365	8991
GSM7788750	Prostate	0.962706084366484	0.6244	54696
GSM7788751	Prostate	0.989555900904313	0.73945	69527
GSM7788752	SCLC	0.765099229301089	0.86645	163077
GSM7788753	Renal	0.734699769660406	0.724	75332
GSM7788754	Renal	0.848355319448656	0.80975	119565
GSM7788755	Renal	0.715313000722083	0.7089	71905
GSM7788759	Prostate	0.937439363538705	0.661	61372
GSM7788760	Prostate	0.948808740172256	0.50625	35462
GSM7788761	Prostate	0.884582616466056	0.5017	38560
GSM7788762	Prostate	0.906308516496886	0.5555	45093
GSM7788763	Prostate	0.802488774506491	0.5133	34527
GSM7788764	Prostate	0.995035465314085	0.6396	78293
GSM7788765	Esophageal	0.981135198496195	0.8036	187646
GSM7788793	Esophageal	0.831133166787221	0.76255	86210
GSM7788794	Esophageal	0.944332020723344	0.66515	58586
GSM7788795	Esophageal	0.926625145390822	0.77185	115806
GSM7788796	Esophageal	0.842190815584854	0.7477	71501
GSM7788797	Esophageal	0.902166302726184	0.34505	14289
GSM7788798	Esophageal	0.701438658721129	0.6588	69494
GSM7788799	Esophageal	0.892755596458902	0.77685	105236
GSM7788800	Esophageal	0.953150183408984	0.79675	96337
GSM7788801	Esophageal	0.993694414614592	0.853	115603
GSM7788802	Esophageal	0.925148496692722	0.79355	87886
GSM7788803	Esophageal	0.799985473396672	0.33735	13848
GSM7788804	Colorectal	0.806621058133463	0.80065	101793
GSM7788805	Breast	0.883203857782741	0.8574	122063
GSM7788806	Breast	0.915077355471908	0.85855	119930
GSM7788809	Breast	0.811264908257985	0.7615	60598
GSM7788810	Breast	0.764349068675368	0.77465	63454
GSM7788811	Colorectal	0.952400545878884	0.9235	173592
GSM7788812	Colorectal	0.760293115219059	0.88265	127773
GSM7788813	Colorectal	0.913819638256762	0.80985	78175
GSM7788814	Colorectal	0.98712565389231	0.8098	103267
GSM7788815	Colorectal	0.99323560910156	0.82155	94509
GSM7788816	Glioma	0.842230445722462	0.8151	114581
GSM7788817	Glioma	0.718640245695259	0.5858	34334
GSM7788818	Glioma	0.716930213119373	0.65795	52730
GSM7788819	Glioma	0.67476398082733	0.7578	79267
GSM7788820	Glioma	0.760478254182868	0.63055	43482
GSM7788821	Glioma	0.821714455530822	0.5144	27972
GSM7788822	Glioma	0.701121933648187	0.65565	44643
GSM7788823	Glioma	0.712247311232035	0.3565	15426
GSM7788824	Glioma	0.733455735236431	0.6529	44928
GSM7788825	Glioma	0.767459869248681	0.61605	43019
GSM7788838	Breast	0.747828590429025	0.758	66521
GSM7788847	NSCLC	0.935609671767473	0.7589	72549
GSM7788848	SCLC	0.807891861313309	0.78685	75511
GSM7788851	SCLC	0.846188536624894	0.8083	87503
GSM7788856	NSCLC	0.740507534279716	0.7205	47672
GSM7788857	NSCLC	0.752891385780625	0.82745	92768
GSM7788858	NSCLC	0.615085514916497	0.78225	72188
GSM7788859	Prostate	0.991953158278397	0.7369	95275
GSM7788860	Breast	0.887366215520881	0.77035	70510
GSM7788861	Merkel cell	0.734734079127235	0.7621	60039
GSM7788862	Merkel cell	0.735563561516539	0.8273	84270
GSM7788863	Merkel cell	0.7799113160321	0.79355	92607
GSM7788864	Merkel cell	0.86610537335357	0.8295	84430
GSM7788865	Merkel cell	0.686200979368815	0.79875	86624
GSM7788866	Merkel cell	0.833276539600989	0.7808	75301
GSM7788867	Merkel cell	0.708849456854074	0.73375	55500
GSM7788868	Merkel cell	0.665743014968454	0.71075	48044
GSM7788869	Merkel cell	0.764084120952482	0.76985	69138
GSM7788870	Merkel cell	0.854985424689766	0.77685	72370
GSM7788871	Merkel cell	0.969641905881996	0.86475	203601
GSM7788872	Merkel cell	0.757846694607734	0.7803	70020
GSM7788873	Merkel cell	0.869324909154441	0.7733	75665
GSM7788874	Merkel cell	0.723605429404833	0.80105	89259
GSM7788875	Merkel cell	0.766125404935853	0.7888	78387
GSM7788876	Merkel cell	0.951714606753414	0.61965	67091
GSM7788877	Merkel cell	0.90925790189592	0.62335	63493
GSM7788878	NEPC	0.980299567934767	0.58315	62095
GSM7788879	NEPC	0.992483597188647	0.6936	110436
GSM7788880	Ovarian	0.714886882508443	0.78425	66920
GSM7788881	Ovarian	0.792283304236699	0.8133	80355
GSM7788882	Ovarian	0.779316938356534	0.84285	125793
GSM7788883	Ovarian	0.857489788993062	0.84005	100295
GSM7788885	NSCLC	0.753523540929255	0.81145	86727
GSM7788886	Prostate	0.986118353119333	0.6569	85368
GSM7788887	Prostate	0.738183554309531	0.59925	56092
GSM7788888	NSCLC	0.872971532935001	0.56165	49072
GSM7788889	NEPC	0.689816687571256	0.46705	30991
GSM7788890	NEPC	0.961354121603305	0.6838	105489
GSM7788891	Merkel cell	0.949810567206437	0.60945	73228
GSM7788892	Prostate	0.97153423299566	0.64545	77407
GSM7788893	Hepatocellular	0.807021100576076	0.67145	93966
GSM7788894	Merkel cell	0.797431428936895	0.57505	53882
GSM7788895	NEPC	0.993812580651942	0.8015	155322
GSM7788896	NEPC	0.992806422265401	0.8106	148550
GSM7788897	NEPC	0.989634022136787	0.76985	100055
GSM7788898	NEPC	0.723046060107706	0.629	42762
GSM7788899	Prostate	0.965927153896651	0.78915	95259
GSM7788900	NEPC	0.857978093710369	0.5288	28624
GSM7788901	Small cell bladder	0.971495092600965	0.83995	164803
GSM7788902	Small cell bladder	0.976906618042185	0.8118	135911
GSM7788903	Prostate	0.922911966328775	0.6764	49954
GSM7788904	Prostate	0.877060567438939	0.7152	58462
GSM7788905	Prostate	0.811430672379777	0.6896	53612
GSM7788906	Prostate	0.693366992709669	0.53045	31822
GSM7788907	NEPC	0.979903367897748	0.74325	86531
GSM7788908	NEPC	0.991670379602523	0.79675	129161
GSM7788909	NEPC	0.945466275972733	0.6192	38530
GSM7788910	NEPC	0.981500000125957	0.73355	71326
GSM7788911	NEPC	0.987362899244824	0.78965	119186
GSM7788912	NSCLC	0.968809467052783	0.6897	87975
GSM7788913	NEPC	0.985070326423983	0.6317	78853
GSM7788914	Colorectal	0.992517656284355	0.70215	105723
GSM7788915	Prostate	0.72118809545449	0.61125	70752
GSM7788916	Hepatocellular	0.965628256393849	0.6675	91793
GSM7788917	Hepatocellular	0.742791296395195	0.5844	73895
GSM7788918	Prostate	0.732264893245395	0.5355	44967
GSM7788927	Thymic	0.738170006993465	0.71205	95901
GSM7788928	Prostate	0.921968583079653	0.6217	76919
GSM7788929	NEPC	0.830557518399022	0.67	89567
GSM7788930	Thymic	0.916454151373043	0.6457	79019
GSM7788931	Colorectal	0.989782714130708	0.7192	114672
GSM7788932	SCLC	0.993658184172762	0.66765	102700
GSM7788933	NSCLC	0.778075166778639	0.79225	69510
GSM7788934	NSCLC	0.686843632394797	0.8729	130189
GSM7788935	NSCLC	0.727963335677562	0.78095	80805
GSM7788936	NSCLC	0.6660898779676	0.8227	99202
GSM7788937	NSCLC	0.800851287023338	0.7393	57042
GSM7788938	NSCLC	0.921399732395258	0.81475	81002
GSM7788939	NSCLC	0.770754451702999	0.85845	122221
GSM7788940	NSCLC	0.696241711747411	0.0631	1381
GSM7788941	NSCLC	0.912649874858081	0.83405	114433
GSM7788942	NSCLC	0.746783428443999	0.84315	79377
GSM7788943	Ovarian	0.872748978396897	0.74975	68584
GSM7788944	Ovarian	0.816977755098683	0.78245	72630
GSM7788945	Ovarian	0.823000361264726	0.7978	73917
GSM7788946	Ovarian	0.818449056844688	0.82565	88051
GSM7788947	Prostate	0.689168892986994	0.7727	64195
GSM7788948	Prostate	0.976834619296264	0.89855	222684
GSM7788949	Prostate	0.72523430074479	0.78335	65408
GSM7788950	Prostate	0.871031840886535	0.74825	55076
GSM7788951	Prostate	0.929416259502096	0.86975	119115
GSM7788952	Prostate	0.964158528419536	0.8793	173734
GSM7788953	Prostate	0.925580917779538	0.76515	67905
GSM7788954	Prostate	0.884646896202207	0.76835	58204
GSM7788955	Prostate	0.884115333611914	0.84075	112604
GSM7788956	Prostate	0.93340982221617	0.8279	90040
GSM7788957	Prostate	0.795937350851634	0.7413	53433
GSM7788958	Hepatocellular	0.817145722876281	0.85145	109062
GSM7788959	Hepatocellular	0.925854609676848	0.8467	100203
GSM7788960	Hepatocellular	0.904209723511176	0.88135	138122
GSM7788961	Hepatocellular	0.890771545580151	0.79685	73281
GSM7788962	Hepatocellular	0.927932959607799	0.81865	86249
GSM7788963	Hepatocellular	0.856890053036205	0.8259	92020
GSM7788964	Hepatocellular	0.909562801902328	0.7919	71873
GSM7788965	Hepatocellular	0.898627539868663	0.8352	99686
GSM7788966	Hepatocellular	0.970932620726151	0.88725	180453
GSM7788967	Hepatocellular	0.686650200527865	0.7198	51098
GSM7788968	Hepatocellular	0.721793923940667	0.73915	58847
