group	n_total	n_case	n_healthy	auc	ci_low	ci_high
Colorectal	65	31	34	0.844402277039848	0.736242884250474	0.93930265654649
Breast	50	16	34	0.89889705882353	0.794117647058823	0.97610294117647
Thymic	42	8	34	0.724264705882353	0.481617647058824	0.930238970588235
Renal	39	5	34	0.7	0.423529411764706	0.94720588235294
Prostate	91	57	34	0.856553147574819	0.778637770897833	0.927773477812177
NSCLC	68	34	34	0.596020761245675	0.458477508650519	0.737024221453287
SCLC	47	13	34	0.723981900452489	0.554298642533937	0.875622171945701
Melanoma	40	6	34	0.764705882352941	0.470588235294118	0.970588235294118
NEPC	49	15	34	0.93921568627451	0.811764705882353	1
Esophageal	46	12	34	0.909313725490196	0.769607843137255	0.995098039215686
Glioma	44	10	34	0.485294117647059	0.288235294117647	0.682352941176471
Merkel cell	53	19	34	0.678018575851393	0.516950464396285	0.826625386996904
Ovarian	42	8	34	0.808823529411765	0.621323529411765	0.952205882352941
Hepatocellular	48	14	34	0.827731092436975	0.668014705882353	0.957983193277311
Small cell bladder	35	1	34	1	1	1
