group	n	mean_score	median_score	mean_nonzero
Colorectal	31	0.895785682748226	0.952400545878884	0.779667741935484
Breast	16	0.889710888323523	0.906519823337981	0.779590625
Thymic	8	0.812700492432291	0.836082034994698	0.77968125
Renal	5	0.807280802243938	0.799692826350949	0.74469
Prostate	57	0.88700776147118	0.921968583079653	0.716228070175439
Healthy	34	0.747939061382937	0.753220547419357	0.749066176470588
NSCLC	34	0.7836356670966	0.765927060710756	0.724145588235294
SCLC	13	0.824345468223725	0.807891861313309	0.793226923076923
Melanoma	6	0.829508241538682	0.823628580417516	0.79095
NEPC	15	0.93615719942954	0.967050304493145	0.650003333333333
Esophageal	12	0.891146289416802	0.913657399709453	0.692683333333334
Glioma	10	0.744904244444345	0.726047990465845	0.62427
Merkel cell	19	0.806537511328503	0.7799113160321	0.748363157894737
Ovarian	8	0.809394133212467	0.817713405971686	0.8045125
Hepatocellular	14	0.858986596758518	0.894699542724407	0.779825
Small cell bladder	1	0.971495092600965	0.971495092600965	0.83995
