file	records	bad_rows	invalid_coords	long_gt1000
GSM7788592.bed.gz	13806064	0	0	76762
GSM7788593.bed.gz	13922184	0	1	62868
GSM7788594.bed.gz	15521478	0	0	88696
GSM7788595.bed.gz	19947147	0	2	127034
GSM7788596.bed.gz	12507495	0	0	73194
GSM7788597.bed.gz	15096730	0	1	53028
GSM7788607.bed.gz	13957288	0	0	67186
GSM7788608.bed.gz	12981840	0	0	59279
GSM7788609.bed.gz	8803434	0	1	90780
GSM7788610.bed.gz	18813695	0	0	140384
GSM7788611.bed.gz	9956624	0	0	54343
GSM7788612.bed.gz	10388312	0	0	55458
GSM7788613.bed.gz	14398947	0	0	56245
GSM7788614.bed.gz	13636913	0	0	60765
GSM7788615.bed.gz	10610787	0	0	91130
GSM7788616.bed.gz	10731070	0	1	93308
GSM7788617.bed.gz	14942443	0	1	62975
GSM7788618.bed.gz	10561767	0	0	72800
GSM7788619.bed.gz	17802691	0	0	112275
GSM7788620.bed.gz	11708130	0	1	95981
GSM7788621.bed.gz	17356906	0	0	141488
GSM7788622.bed.gz	15121942	0	0	123273
GSM7788623.bed.gz	16167010	0	0	79067
GSM7788624.bed.gz	16203775	0	0	72966
GSM7788625.bed.gz	16167601	0	0	52757
GSM7788626.bed.gz	9908691	0	0	28540
GSM7788627.bed.gz	18248479	0	2	94699
GSM7788628.bed.gz	15951478	0	0	67073
GSM7788629.bed.gz	15762359	0	1	67860
GSM7788630.bed.gz	16172442	0	1	83856
GSM7788631.bed.gz	10009160	0	0	70826
GSM7788632.bed.gz	10132369	0	0	39389
GSM7788633.bed.gz	11970219	0	1	69851
GSM7788634.bed.gz	7691003	0	0	58209
GSM7788635.bed.gz	14596125	0	0	97940
GSM7788636.bed.gz	30147536	0	0	168391
GSM7788637.bed.gz	12224703	0	0	94145
GSM7788638.bed.gz	19636449	0	1	93430
GSM7788639.bed.gz	1280312	0	0	8485
GSM7788640.bed.gz	17521779	0	0	94188
GSM7788641.bed.gz	15141185	0	1	89131
GSM7788642.bed.gz	13609437	0	1	103918
GSM7788643.bed.gz	15419522	0	1	122279
GSM7788644.bed.gz	14906349	0	0	93583
GSM7788645.bed.gz	17274351	0	0	104221
GSM7788646.bed.gz	20162462	0	2	147062
GSM7788647.bed.gz	14480685	0	0	98217
GSM7788648.bed.gz	17965284	0	5	114767
GSM7788649.bed.gz	17258256	0	0	82078
GSM7788650.bed.gz	13811541	0	0	93099
GSM7788651.bed.gz	23068954	0	1	133685
GSM7788652.bed.gz	13462534	0	0	2274
GSM7788653.bed.gz	15208319	0	1	4040
GSM7788654.bed.gz	11646932	0	1	2793
GSM7788655.bed.gz	11100200	0	0	2711
GSM7788656.bed.gz	17606289	0	1	3333
GSM7788657.bed.gz	12280751	0	0	1671
GSM7788658.bed.gz	8145798	0	0	2208
GSM7788659.bed.gz	14897016	0	0	2452
GSM7788660.bed.gz	11680464	0	1	2829
GSM7788661.bed.gz	12502477	0	0	2294
GSM7788662.bed.gz	17877457	0	0	3915
GSM7788663.bed.gz	13055303	0	0	3519
GSM7788664.bed.gz	14454195	0	0	3090
GSM7788665.bed.gz	16435431	0	0	4597
GSM7788666.bed.gz	4273099	0	0	2579
GSM7788667.bed.gz	6389812	0	0	7147
GSM7788668.bed.gz	3658589	0	0	3059
GSM7788669.bed.gz	3646858	0	0	2722
GSM7788670.bed.gz	9797960	0	0	8476
GSM7788671.bed.gz	18432797	0	0	3760
GSM7788672.bed.gz	17736914	0	1	4978
GSM7788673.bed.gz	14530677	0	0	2302
GSM7788674.bed.gz	10207526	0	1	4111
GSM7788675.bed.gz	13960149	0	1	2882
GSM7788676.bed.gz	18361190	0	2	2827
GSM7788677.bed.gz	16120905	0	1	9095
GSM7788678.bed.gz	12682171	0	1	2726
GSM7788679.bed.gz	15629810	0	0	4928
GSM7788680.bed.gz	16442442	0	1	5786
GSM7788681.bed.gz	16289396	0	0	3556
GSM7788682.bed.gz	13593036	0	2	3184
GSM7788683.bed.gz	13078268	0	0	3195
GSM7788684.bed.gz	16604946	0	0	3482
GSM7788685.bed.gz	13986117	0	1	4371
GSM7788686.bed.gz	13596384	0	1	3021
GSM7788687.bed.gz	15983608	0	0	38564
GSM7788688.bed.gz	16771542	0	0	7399
GSM7788689.bed.gz	15077373	0	0	2688
GSM7788690.bed.gz	14089341	0	2	2991
GSM7788691.bed.gz	12782876	0	0	2371
GSM7788692.bed.gz	11958935	0	0	3564
GSM7788693.bed.gz	10706065	0	1	2797
GSM7788694.bed.gz	13798203	0	2	3820
GSM7788695.bed.gz	14002700	0	0	3469
GSM7788696.bed.gz	16645495	0	0	2863
GSM7788697.bed.gz	10217767	0	0	4972
GSM7788698.bed.gz	13438863	0	1	3891
GSM7788699.bed.gz	16788496	0	2	3575
GSM7788700.bed.gz	13075335	0	0	3802
GSM7788701.bed.gz	10897479	0	1	3492
GSM7788702.bed.gz	6049612	0	0	3707
GSM7788703.bed.gz	15021693	0	0	4300
GSM7788704.bed.gz	6348202	0	1	6536
GSM7788705.bed.gz	8973590	0	1	6511
GSM7788706.bed.gz	13179831	0	2	6504
GSM7788707.bed.gz	8700206	0	0	3000
GSM7788708.bed.gz	12031986	0	0	2609
GSM7788709.bed.gz	12699696	0	0	5029
GSM7788710.bed.gz	4059564	0	0	2729
GSM7788711.bed.gz	13455196	0	0	3307
GSM7788712.bed.gz	11910095	0	0	2389
GSM7788713.bed.gz	12812885	0	0	2759
GSM7788714.bed.gz	13811611	0	0	3461
GSM7788715.bed.gz	15176636	0	0	5119
GSM7788716.bed.gz	14242747	0	1	7294
GSM7788717.bed.gz	2623871	0	0	2849
GSM7788718.bed.gz	9130525	0	0	1582
GSM7788719.bed.gz	13097083	0	0	3583
GSM7788720.bed.gz	13888470	0	0	3205
GSM7788721.bed.gz	19378899	0	0	3625
GSM7788722.bed.gz	15302331	0	1	4928
GSM7788723.bed.gz	17681662	0	2	4831
GSM7788724.bed.gz	19465340	0	0	6329
GSM7788725.bed.gz	20715007	0	2	7730
GSM7788726.bed.gz	12685881	0	1	4334
GSM7788727.bed.gz	12856717	0	0	1705
GSM7788728.bed.gz	13727119	0	0	2418
GSM7788729.bed.gz	11308055	0	0	1783
GSM7788730.bed.gz	14840388	0	0	2895
GSM7788731.bed.gz	9834903	0	1	1337
GSM7788732.bed.gz	7407285	0	0	1016
GSM7788733.bed.gz	8067697	0	0	1313
GSM7788734.bed.gz	23306365	0	1	4755
GSM7788735.bed.gz	12884575	0	1	3995
GSM7788736.bed.gz	6704323	0	0	2159
GSM7788737.bed.gz	13113969	0	1	3379
GSM7788738.bed.gz	12430000	0	1	3269
GSM7788739.bed.gz	12749282	0	0	2783
GSM7788740.bed.gz	20135595	0	0	5505
GSM7788741.bed.gz	19614513	0	3	5121
GSM7788742.bed.gz	20160390	0	1	5063
GSM7788743.bed.gz	12591934	0	0	6339
GSM7788744.bed.gz	12667929	0	0	10966
GSM7788745.bed.gz	12950209	0	2	4940
GSM7788746.bed.gz	11509174	0	0	2525
GSM7788747.bed.gz	13905074	0	1	3788
GSM7788748.bed.gz	13760835	0	0	3914
GSM7788749.bed.gz	2014282	0	1	1050
GSM7788750.bed.gz	8882305	0	0	2798
GSM7788751.bed.gz	13775869	0	0	2422
GSM7788752.bed.gz	19809995	0	2	4110
GSM7788753.bed.gz	8768241	0	1	2020
GSM7788754.bed.gz	17090428	0	1	4499
GSM7788755.bed.gz	9026667	0	0	2001
GSM7788759.bed.gz	13280922	0	2	0
GSM7788760.bed.gz	5840205	0	0	0
GSM7788761.bed.gz	5941772	0	0	0
GSM7788762.bed.gz	7823787	0	1	0
GSM7788763.bed.gz	6571846	0	1	0
GSM7788764.bed.gz	12087227	0	0	0
GSM7788765.bed.gz	9815670	0	1	94894
GSM7788793.bed.gz	5499531	0	0	49014
GSM7788794.bed.gz	3560236	0	0	27271
GSM7788795.bed.gz	18084930	0	1	76991
GSM7788796.bed.gz	13195902	0	1	96356
GSM7788797.bed.gz	741674	0	0	4247
GSM7788798.bed.gz	13769054	0	0	102949
GSM7788799.bed.gz	17384356	0	1	133506
GSM7788800.bed.gz	15168070	0	1	95086
GSM7788801.bed.gz	21741653	0	3	99200
GSM7788802.bed.gz	15391773	0	0	90967
GSM7788803.bed.gz	859705	0	0	6971
GSM7788804.bed.gz	15661073	0	1	82050
GSM7788805.bed.gz	20836094	0	0	105635
GSM7788806.bed.gz	19598457	0	0	50816
GSM7788809.bed.gz	11620122	0	0	44415
GSM7788810.bed.gz	12447851	0	2	51503
GSM7788811.bed.gz	26768144	0	2	172707
GSM7788812.bed.gz	18300914	0	0	143751
GSM7788813.bed.gz	12430931	0	0	73964
GSM7788814.bed.gz	15259521	0	0	61270
GSM7788815.bed.gz	15303257	0	0	79781
GSM7788816.bed.gz	16126326	0	1	156480
GSM7788817.bed.gz	4889327	0	0	72405
GSM7788818.bed.gz	9054363	0	0	75038
GSM7788819.bed.gz	11338309	0	2	139074
GSM7788820.bed.gz	6392175	0	0	67456
GSM7788821.bed.gz	3857868	0	0	76041
GSM7788822.bed.gz	6370348	0	0	65931
GSM7788823.bed.gz	2525274	0	0	70522
GSM7788824.bed.gz	6829647	0	0	79971
GSM7788825.bed.gz	6533093	0	1	75570
GSM7788838.bed.gz	12758910	0	1	49064
GSM7788847.bed.gz	14186817	0	0	98941
GSM7788848.bed.gz	15117050	0	0	81327
GSM7788851.bed.gz	16854025	0	0	114086
GSM7788856.bed.gz	9372640	0	1	44211
GSM7788857.bed.gz	15622657	0	1	72125
GSM7788858.bed.gz	12126204	0	0	55607
GSM7788859.bed.gz	16335524	0	0	3238
GSM7788860.bed.gz	13081616	0	0	53319
GSM7788861.bed.gz	11015675	0	0	71398
GSM7788862.bed.gz	16137939	0	0	83240
GSM7788863.bed.gz	15536003	0	0	108607
GSM7788864.bed.gz	14290388	0	1	81148
GSM7788865.bed.gz	14108024	0	0	88219
GSM7788866.bed.gz	13616431	0	0	81489
GSM7788867.bed.gz	9878924	0	1	60623
GSM7788868.bed.gz	8842833	0	1	91218
GSM7788869.bed.gz	12824231	0	0	73188
GSM7788870.bed.gz	14674826	0	1	73372
GSM7788871.bed.gz	24071689	0	0	102269
GSM7788872.bed.gz	11692834	0	0	84107
GSM7788873.bed.gz	15295575	0	0	77514
GSM7788874.bed.gz	14117833	0	1	105969
GSM7788875.bed.gz	14371277	0	1	66857
GSM7788876.bed.gz	9990839	0	0	3235
GSM7788877.bed.gz	11434859	0	0	3046
GSM7788878.bed.gz	9626645	0	0	1841
GSM7788879.bed.gz	16553013	0	1	3087
GSM7788880.bed.gz	10104654	0	0	63982
GSM7788881.bed.gz	14944626	0	2	98007
GSM7788882.bed.gz	11813506	0	1	104206
GSM7788883.bed.gz	20571884	0	2	87449
GSM7788885.bed.gz	15840582	0	2	91535
GSM7788886.bed.gz	13272892	0	0	3336
GSM7788887.bed.gz	9963245	0	1	4598
GSM7788888.bed.gz	8307861	0	0	1297
GSM7788889.bed.gz	4538779	0	0	2564
GSM7788890.bed.gz	15769685	0	0	3262
GSM7788891.bed.gz	10760188	0	0	1209
GSM7788892.bed.gz	12126989	0	2	4643
GSM7788893.bed.gz	15374607	0	0	4338
GSM7788894.bed.gz	7689989	0	0	2351
GSM7788895.bed.gz	21049034	0	0	95958
GSM7788896.bed.gz	18939393	0	1	88681
GSM7788897.bed.gz	15170777	0	1	58229
GSM7788898.bed.gz	6585942	0	0	101482
GSM7788899.bed.gz	13556853	0	1	88483
GSM7788900.bed.gz	4287180	0	0	71621
GSM7788901.bed.gz	13879502	0	0	158255
GSM7788902.bed.gz	16003668	0	0	158832
GSM7788903.bed.gz	7418752	0	0	83249
GSM7788904.bed.gz	8342224	0	0	104861
GSM7788905.bed.gz	7585111	0	0	81086
GSM7788906.bed.gz	4978604	0	1	74634
GSM7788907.bed.gz	8870374	0	0	78189
GSM7788908.bed.gz	16800413	0	0	144703
GSM7788909.bed.gz	5563187	0	0	62131
GSM7788910.bed.gz	11826591	0	0	78874
GSM7788911.bed.gz	14415564	0	0	85677
GSM7788912.bed.gz	14518142	0	0	3930
GSM7788913.bed.gz	12514413	0	2	2779
GSM7788914.bed.gz	15367268	0	0	3251
GSM7788915.bed.gz	8584176	0	0	4427
GSM7788916.bed.gz	13486168	0	1	3197
GSM7788917.bed.gz	7163492	0	1	5157
GSM7788918.bed.gz	7320833	0	0	2393
GSM7788927.bed.gz	15620470	0	0	5206
GSM7788928.bed.gz	11294812	0	0	3474
GSM7788929.bed.gz	14250332	0	1	4392
GSM7788930.bed.gz	11971735	0	0	2403
GSM7788931.bed.gz	15318732	0	0	2613
GSM7788932.bed.gz	16039218	0	1	4293
GSM7788933.bed.gz	13163088	0	1	60829
GSM7788934.bed.gz	18930106	0	0	113795
GSM7788935.bed.gz	11786281	0	0	67905
GSM7788936.bed.gz	17199332	0	1	119598
GSM7788937.bed.gz	11253160	0	1	61620
GSM7788938.bed.gz	11138669	0	0	55384
GSM7788939.bed.gz	21891461	0	2	124884
GSM7788940.bed.gz	224458	0	0	951
GSM7788941.bed.gz	18347691	0	0	84873
GSM7788942.bed.gz	12598309	0	0	60076
GSM7788943.bed.gz	12820938	0	0	83719
GSM7788944.bed.gz	13171141	0	0	60866
GSM7788945.bed.gz	14130665	0	0	75171
GSM7788946.bed.gz	15190476	0	0	68890
GSM7788947.bed.gz	11559769	0	2	72234
GSM7788948.bed.gz	29085669	0	0	129902
GSM7788949.bed.gz	10344645	0	0	73074
GSM7788950.bed.gz	9416570	0	0	57155
GSM7788951.bed.gz	23459922	0	1	119921
GSM7788952.bed.gz	23204161	0	1	105246
GSM7788953.bed.gz	11338843	0	1	63260
GSM7788954.bed.gz	10658622	0	1	58126
GSM7788955.bed.gz	17433662	0	1	120141
GSM7788956.bed.gz	14354303	0	0	63290
GSM7788957.bed.gz	9811576	0	0	61183
GSM7788958.bed.gz	15472063	0	1	96712
GSM7788959.bed.gz	14836749	0	0	50781
GSM7788960.bed.gz	22810368	0	0	115080
GSM7788961.bed.gz	12825120	0	0	82595
GSM7788962.bed.gz	15530448	0	2	67586
GSM7788963.bed.gz	13727023	0	0	84296
GSM7788964.bed.gz	13283013	0	1	65785
GSM7788965.bed.gz	18259500	0	2	91652
GSM7788966.bed.gz	18014970	0	3	92152
GSM7788967.bed.gz	8696606	0	0	46165
GSM7788968.bed.gz	9488088	0	0	54265
