geo_accession	title	group	bed_url	local_file
GSM7788592	mAMP11_2	Colorectal	https://ftp.ncbi.nlm.nih.gov/geo/samples/GSM7788nnn/GSM7788592/suppl/GSM7788592_mAMP11_2.bed.gz	GSM7788592.bed.gz
GSM7788593	mAMP13_2	Colorectal	https://ftp.ncbi.nlm.nih.gov/geo/samples/GSM7788nnn/GSM7788593/suppl/GSM7788593_mAMP13_2.bed.gz	GSM7788593.bed.gz
GSM7788594	mAMP16_2	Colorectal	https://ftp.ncbi.nlm.nih.gov/geo/samples/GSM7788nnn/GSM7788594/suppl/GSM7788594_mAMP16_2.bed.gz	GSM7788594.bed.gz
GSM7788595	mAMP20_2	Colorectal	https://ftp.ncbi.nlm.nih.gov/geo/samples/GSM7788nnn/GSM7788595/suppl/GSM7788595_mAMP20_2.bed.gz	GSM7788595.bed.gz
GSM7788596	mAMP28_2	Colorectal	https://ftp.ncbi.nlm.nih.gov/geo/samples/GSM7788nnn/GSM7788596/suppl/GSM7788596_mAMP28_2.bed.gz	GSM7788596.bed.gz
GSM7788597	mAMP31_2	Colorectal	https://ftp.ncbi.nlm.nih.gov/geo/samples/GSM7788nnn/GSM7788597/suppl/GSM7788597_mAMP31_2.bed.gz	GSM7788597.bed.gz
GSM7788607	MBC033a	Breast	https://ftp.ncbi.nlm.nih.gov/geo/samples/GSM7788nnn/GSM7788607/suppl/GSM7788607_MBC033a.bed.gz	GSM7788607.bed.gz
GSM7788608	MBC033b	Breast	https://ftp.ncbi.nlm.nih.gov/geo/samples/GSM7788nnn/GSM7788608/suppl/GSM7788608_MBC033b.bed.gz	GSM7788608.bed.gz
GSM7788609	MBC088a	Breast	https://ftp.ncbi.nlm.nih.gov/geo/samples/GSM7788nnn/GSM7788609/suppl/GSM7788609_MBC088a.bed.gz	GSM7788609.bed.gz
GSM7788610	MBC088b	Breast	https://ftp.ncbi.nlm.nih.gov/geo/samples/GSM7788nnn/GSM7788610/suppl/GSM7788610_MBC088b.bed.gz	GSM7788610.bed.gz
GSM7788611	MBC103a	Breast	https://ftp.ncbi.nlm.nih.gov/geo/samples/GSM7788nnn/GSM7788611/suppl/GSM7788611_MBC103a.bed.gz	GSM7788611.bed.gz
GSM7788612	MBC103b	Breast	https://ftp.ncbi.nlm.nih.gov/geo/samples/GSM7788nnn/GSM7788612/suppl/GSM7788612_MBC103b.bed.gz	GSM7788612.bed.gz
GSM7788613	MBC225a	Breast	https://ftp.ncbi.nlm.nih.gov/geo/samples/GSM7788nnn/GSM7788613/suppl/GSM7788613_MBC225a.bed.gz	GSM7788613.bed.gz
GSM7788614	MBC225b	Breast	https://ftp.ncbi.nlm.nih.gov/geo/samples/GSM7788nnn/GSM7788614/suppl/GSM7788614_MBC225b.bed.gz	GSM7788614.bed.gz
GSM7788615	MBC287a	Breast	https://ftp.ncbi.nlm.nih.gov/geo/samples/GSM7788nnn/GSM7788615/suppl/GSM7788615_MBC287a.bed.gz	GSM7788615.bed.gz
GSM7788616	MBC287b	Breast	https://ftp.ncbi.nlm.nih.gov/geo/samples/GSM7788nnn/GSM7788616/suppl/GSM7788616_MBC287b.bed.gz	GSM7788616.bed.gz
GSM7788617	MBC320a	Breast	https://ftp.ncbi.nlm.nih.gov/geo/samples/GSM7788nnn/GSM7788617/suppl/GSM7788617_MBC320a.bed.gz	GSM7788617.bed.gz
GSM7788618	MBC320b	Breast	https://ftp.ncbi.nlm.nih.gov/geo/samples/GSM7788nnn/GSM7788618/suppl/GSM7788618_MBC320b.bed.gz	GSM7788618.bed.gz
GSM7788619	MBC509a	Breast	https://ftp.ncbi.nlm.nih.gov/geo/samples/GSM7788nnn/GSM7788619/suppl/GSM7788619_MBC509a.bed.gz	GSM7788619.bed.gz
GSM7788620	MBC509b	Breast	https://ftp.ncbi.nlm.nih.gov/geo/samples/GSM7788nnn/GSM7788620/suppl/GSM7788620_MBC509b.bed.gz	GSM7788620.bed.gz
GSM7788621	MBC541a	Breast	https://ftp.ncbi.nlm.nih.gov/geo/samples/GSM7788nnn/GSM7788621/suppl/GSM7788621_MBC541a.bed.gz	GSM7788621.bed.gz
GSM7788622	MBC541b	Breast	https://ftp.ncbi.nlm.nih.gov/geo/samples/GSM7788nnn/GSM7788622/suppl/GSM7788622_MBC541b.bed.gz	GSM7788622.bed.gz
GSM7788623	MBC548a	Breast	https://ftp.ncbi.nlm.nih.gov/geo/samples/GSM7788nnn/GSM7788623/suppl/GSM7788623_MBC548a.bed.gz	GSM7788623.bed.gz
GSM7788624	MBC548b	Breast	https://ftp.ncbi.nlm.nih.gov/geo/samples/GSM7788nnn/GSM7788624/suppl/GSM7788624_MBC548b.bed.gz	GSM7788624.bed.gz
GSM7788625	MBC729a	Breast	https://ftp.ncbi.nlm.nih.gov/geo/samples/GSM7788nnn/GSM7788625/suppl/GSM7788625_MBC729a.bed.gz	GSM7788625.bed.gz
GSM7788626	MBC729b	Breast	https://ftp.ncbi.nlm.nih.gov/geo/samples/GSM7788nnn/GSM7788626/suppl/GSM7788626_MBC729b.bed.gz	GSM7788626.bed.gz
GSM7788627	mBELC83_2	Thymic	https://ftp.ncbi.nlm.nih.gov/geo/samples/GSM7788nnn/GSM7788627/suppl/GSM7788627_mBELC83_2.bed.gz	GSM7788627.bed.gz
GSM7788628	mBELI56_2	Thymic	https://ftp.ncbi.nlm.nih.gov/geo/samples/GSM7788nnn/GSM7788628/suppl/GSM7788628_mBELI56_2.bed.gz	GSM7788628.bed.gz
GSM7788629	mBELI64_2	Thymic	https://ftp.ncbi.nlm.nih.gov/geo/samples/GSM7788nnn/GSM7788629/suppl/GSM7788629_mBELI64_2.bed.gz	GSM7788629.bed.gz
GSM7788630	mBELI68_2	Thymic	https://ftp.ncbi.nlm.nih.gov/geo/samples/GSM7788nnn/GSM7788630/suppl/GSM7788630_mBELI68_2.bed.gz	GSM7788630.bed.gz
GSM7788631	mBELI74_2	Thymic	https://ftp.ncbi.nlm.nih.gov/geo/samples/GSM7788nnn/GSM7788631/suppl/GSM7788631_mBELI74_2.bed.gz	GSM7788631.bed.gz
GSM7788632	mBELI82_2	Thymic	https://ftp.ncbi.nlm.nih.gov/geo/samples/GSM7788nnn/GSM7788632/suppl/GSM7788632_mBELI82_2.bed.gz	GSM7788632.bed.gz
GSM7788633	mBMS4_2	Renal	https://ftp.ncbi.nlm.nih.gov/geo/samples/GSM7788nnn/GSM7788633/suppl/GSM7788633_mBMS4_2.bed.gz	GSM7788633.bed.gz
GSM7788634	mBMS7_2	Renal	https://ftp.ncbi.nlm.nih.gov/geo/samples/GSM7788nnn/GSM7788634/suppl/GSM7788634_mBMS7_2.bed.gz	GSM7788634.bed.gz
GSM7788635	MCOL10160	Colorectal	https://ftp.ncbi.nlm.nih.gov/geo/samples/GSM7788nnn/GSM7788635/suppl/GSM7788635_MCOL10160.bed.gz	GSM7788635.bed.gz
GSM7788636	MCOL10191	Colorectal	https://ftp.ncbi.nlm.nih.gov/geo/samples/GSM7788nnn/GSM7788636/suppl/GSM7788636_MCOL10191.bed.gz	GSM7788636.bed.gz
GSM7788637	MCOL10194	Colorectal	https://ftp.ncbi.nlm.nih.gov/geo/samples/GSM7788nnn/GSM7788637/suppl/GSM7788637_MCOL10194.bed.gz	GSM7788637.bed.gz
GSM7788638	MCOL10221	Colorectal	https://ftp.ncbi.nlm.nih.gov/geo/samples/GSM7788nnn/GSM7788638/suppl/GSM7788638_MCOL10221.bed.gz	GSM7788638.bed.gz
GSM7788639	MCOL10241	Colorectal	https://ftp.ncbi.nlm.nih.gov/geo/samples/GSM7788nnn/GSM7788639/suppl/GSM7788639_MCOL10241.bed.gz	GSM7788639.bed.gz
GSM7788640	MCOL10250	Colorectal	https://ftp.ncbi.nlm.nih.gov/geo/samples/GSM7788nnn/GSM7788640/suppl/GSM7788640_MCOL10250.bed.gz	GSM7788640.bed.gz
GSM7788641	MCOL10279	Colorectal	https://ftp.ncbi.nlm.nih.gov/geo/samples/GSM7788nnn/GSM7788641/suppl/GSM7788641_MCOL10279.bed.gz	GSM7788641.bed.gz
GSM7788642	MCOL10375	Colorectal	https://ftp.ncbi.nlm.nih.gov/geo/samples/GSM7788nnn/GSM7788642/suppl/GSM7788642_MCOL10375.bed.gz	GSM7788642.bed.gz
GSM7788643	MCOL10380	Colorectal	https://ftp.ncbi.nlm.nih.gov/geo/samples/GSM7788nnn/GSM7788643/suppl/GSM7788643_MCOL10380.bed.gz	GSM7788643.bed.gz
GSM7788644	MCOL10387	Colorectal	https://ftp.ncbi.nlm.nih.gov/geo/samples/GSM7788nnn/GSM7788644/suppl/GSM7788644_MCOL10387.bed.gz	GSM7788644.bed.gz
GSM7788645	MCOL9517	Colorectal	https://ftp.ncbi.nlm.nih.gov/geo/samples/GSM7788nnn/GSM7788645/suppl/GSM7788645_MCOL9517.bed.gz	GSM7788645.bed.gz
GSM7788646	MCOL9587	Colorectal	https://ftp.ncbi.nlm.nih.gov/geo/samples/GSM7788nnn/GSM7788646/suppl/GSM7788646_MCOL9587.bed.gz	GSM7788646.bed.gz
GSM7788647	MCOL9602	Colorectal	https://ftp.ncbi.nlm.nih.gov/geo/samples/GSM7788nnn/GSM7788647/suppl/GSM7788647_MCOL9602.bed.gz	GSM7788647.bed.gz
GSM7788648	MCOL9614RF	Colorectal	https://ftp.ncbi.nlm.nih.gov/geo/samples/GSM7788nnn/GSM7788648/suppl/GSM7788648_MCOL9614RF.bed.gz	GSM7788648.bed.gz
GSM7788649	MCOL9629	Colorectal	https://ftp.ncbi.nlm.nih.gov/geo/samples/GSM7788nnn/GSM7788649/suppl/GSM7788649_MCOL9629.bed.gz	GSM7788649.bed.gz
GSM7788650	MCOL9647	Colorectal	https://ftp.ncbi.nlm.nih.gov/geo/samples/GSM7788nnn/GSM7788650/suppl/GSM7788650_MCOL9647.bed.gz	GSM7788650.bed.gz
GSM7788651	MCOL9962	Colorectal	https://ftp.ncbi.nlm.nih.gov/geo/samples/GSM7788nnn/GSM7788651/suppl/GSM7788651_MCOL9962.bed.gz	GSM7788651.bed.gz
GSM7788652	MdCRpr257	Prostate	https://ftp.ncbi.nlm.nih.gov/geo/samples/GSM7788nnn/GSM7788652/suppl/GSM7788652_MdCRpr257.bed.gz	GSM7788652.bed.gz
GSM7788653	MdCRpr436	Prostate	https://ftp.ncbi.nlm.nih.gov/geo/samples/GSM7788nnn/GSM7788653/suppl/GSM7788653_MdCRpr436.bed.gz	GSM7788653.bed.gz
GSM7788654	MdCRpr575	Prostate	https://ftp.ncbi.nlm.nih.gov/geo/samples/GSM7788nnn/GSM7788654/suppl/GSM7788654_MdCRpr575.bed.gz	GSM7788654.bed.gz
GSM7788655	MdCRpr749	Prostate	https://ftp.ncbi.nlm.nih.gov/geo/samples/GSM7788nnn/GSM7788655/suppl/GSM7788655_MdCRpr749.bed.gz	GSM7788655.bed.gz
GSM7788656	MdCRpr907	Prostate	https://ftp.ncbi.nlm.nih.gov/geo/samples/GSM7788nnn/GSM7788656/suppl/GSM7788656_MdCRpr907.bed.gz	GSM7788656.bed.gz
GSM7788657	MdCRpr987	Prostate	https://ftp.ncbi.nlm.nih.gov/geo/samples/GSM7788nnn/GSM7788657/suppl/GSM7788657_MdCRpr987.bed.gz	GSM7788657.bed.gz
GSM7788658	MdCRpt257	Prostate	https://ftp.ncbi.nlm.nih.gov/geo/samples/GSM7788nnn/GSM7788658/suppl/GSM7788658_MdCRpt257.bed.gz	GSM7788658.bed.gz
GSM7788659	MdCRpt257b	Prostate	https://ftp.ncbi.nlm.nih.gov/geo/samples/GSM7788nnn/GSM7788659/suppl/GSM7788659_MdCRpt257b.bed.gz	GSM7788659.bed.gz
GSM7788660	MdCRpt436	Prostate	https://ftp.ncbi.nlm.nih.gov/geo/samples/GSM7788nnn/GSM7788660/suppl/GSM7788660_MdCRpt436.bed.gz	GSM7788660.bed.gz
GSM7788661	MdCRpt547	Prostate	https://ftp.ncbi.nlm.nih.gov/geo/samples/GSM7788nnn/GSM7788661/suppl/GSM7788661_MdCRpt547.bed.gz	GSM7788661.bed.gz
GSM7788662	MdCRpt575	Prostate	https://ftp.ncbi.nlm.nih.gov/geo/samples/GSM7788nnn/GSM7788662/suppl/GSM7788662_MdCRpt575.bed.gz	GSM7788662.bed.gz
GSM7788663	MdCRpt987	Prostate	https://ftp.ncbi.nlm.nih.gov/geo/samples/GSM7788nnn/GSM7788663/suppl/GSM7788663_MdCRpt987.bed.gz	GSM7788663.bed.gz
GSM7788664	MdGP53	Prostate	https://ftp.ncbi.nlm.nih.gov/geo/samples/GSM7788nnn/GSM7788664/suppl/GSM7788664_MdGP53.bed.gz	GSM7788664.bed.gz
GSM7788665	MdGP54	Prostate	https://ftp.ncbi.nlm.nih.gov/geo/samples/GSM7788nnn/GSM7788665/suppl/GSM7788665_MdGP54.bed.gz	GSM7788665.bed.gz
GSM7788666	MdH30642	Healthy	https://ftp.ncbi.nlm.nih.gov/geo/samples/GSM7788nnn/GSM7788666/suppl/GSM7788666_MdH30642.bed.gz	GSM7788666.bed.gz
GSM7788667	MdH34881	Healthy	https://ftp.ncbi.nlm.nih.gov/geo/samples/GSM7788nnn/GSM7788667/suppl/GSM7788667_MdH34881.bed.gz	GSM7788667.bed.gz
GSM7788668	MdH56703	Healthy	https://ftp.ncbi.nlm.nih.gov/geo/samples/GSM7788nnn/GSM7788668/suppl/GSM7788668_MdH56703.bed.gz	GSM7788668.bed.gz
GSM7788669	MdH98228	Healthy	https://ftp.ncbi.nlm.nih.gov/geo/samples/GSM7788nnn/GSM7788669/suppl/GSM7788669_MdH98228.bed.gz	GSM7788669.bed.gz
GSM7788670	MdHP10028203	Healthy	https://ftp.ncbi.nlm.nih.gov/geo/samples/GSM7788nnn/GSM7788670/suppl/GSM7788670_MdHP10028203.bed.gz	GSM7788670.bed.gz
GSM7788671	MdHP10031645	Healthy	https://ftp.ncbi.nlm.nih.gov/geo/samples/GSM7788nnn/GSM7788671/suppl/GSM7788671_MdHP10031645.bed.gz	GSM7788671.bed.gz
GSM7788672	MdHP10033740	Healthy	https://ftp.ncbi.nlm.nih.gov/geo/samples/GSM7788nnn/GSM7788672/suppl/GSM7788672_MdHP10033740.bed.gz	GSM7788672.bed.gz
GSM7788673	MdHP10035094	Healthy	https://ftp.ncbi.nlm.nih.gov/geo/samples/GSM7788nnn/GSM7788673/suppl/GSM7788673_MdHP10035094.bed.gz	GSM7788673.bed.gz
GSM7788674	MdHP10035094_2	Healthy	https://ftp.ncbi.nlm.nih.gov/geo/samples/GSM7788nnn/GSM7788674/suppl/GSM7788674_MdHP10035094_2.bed.gz	GSM7788674.bed.gz
GSM7788675	MdHP10036348	Healthy	https://ftp.ncbi.nlm.nih.gov/geo/samples/GSM7788nnn/GSM7788675/suppl/GSM7788675_MdHP10036348.bed.gz	GSM7788675.bed.gz
GSM7788676	MdHP10038748	Healthy	https://ftp.ncbi.nlm.nih.gov/geo/samples/GSM7788nnn/GSM7788676/suppl/GSM7788676_MdHP10038748.bed.gz	GSM7788676.bed.gz
GSM7788677	MdHP10041556	Healthy	https://ftp.ncbi.nlm.nih.gov/geo/samples/GSM7788nnn/GSM7788677/suppl/GSM7788677_MdHP10041556.bed.gz	GSM7788677.bed.gz
GSM7788678	MdHP10045456	Healthy	https://ftp.ncbi.nlm.nih.gov/geo/samples/GSM7788nnn/GSM7788678/suppl/GSM7788678_MdHP10045456.bed.gz	GSM7788678.bed.gz
GSM7788679	MdHP10047328	Healthy	https://ftp.ncbi.nlm.nih.gov/geo/samples/GSM7788nnn/GSM7788679/suppl/GSM7788679_MdHP10047328.bed.gz	GSM7788679.bed.gz
GSM7788680	MdHP10053744	Healthy	https://ftp.ncbi.nlm.nih.gov/geo/samples/GSM7788nnn/GSM7788680/suppl/GSM7788680_MdHP10053744.bed.gz	GSM7788680.bed.gz
GSM7788681	MdHP10058173	Healthy	https://ftp.ncbi.nlm.nih.gov/geo/samples/GSM7788nnn/GSM7788681/suppl/GSM7788681_MdHP10058173.bed.gz	GSM7788681.bed.gz
GSM7788682	MdHP10059091	Healthy	https://ftp.ncbi.nlm.nih.gov/geo/samples/GSM7788nnn/GSM7788682/suppl/GSM7788682_MdHP10059091.bed.gz	GSM7788682.bed.gz
GSM7788683	MdHP10059620	Healthy	https://ftp.ncbi.nlm.nih.gov/geo/samples/GSM7788nnn/GSM7788683/suppl/GSM7788683_MdHP10059620.bed.gz	GSM7788683.bed.gz
GSM7788684	MdHP10069519	Healthy	https://ftp.ncbi.nlm.nih.gov/geo/samples/GSM7788nnn/GSM7788684/suppl/GSM7788684_MdHP10069519.bed.gz	GSM7788684.bed.gz
GSM7788685	MdHP10075732	Healthy	https://ftp.ncbi.nlm.nih.gov/geo/samples/GSM7788nnn/GSM7788685/suppl/GSM7788685_MdHP10075732.bed.gz	GSM7788685.bed.gz
GSM7788686	MdHP10077180	Healthy	https://ftp.ncbi.nlm.nih.gov/geo/samples/GSM7788nnn/GSM7788686/suppl/GSM7788686_MdHP10077180.bed.gz	GSM7788686.bed.gz
GSM7788687	MdHP10095178	Healthy	https://ftp.ncbi.nlm.nih.gov/geo/samples/GSM7788nnn/GSM7788687/suppl/GSM7788687_MdHP10095178.bed.gz	GSM7788687.bed.gz
GSM7788688	MdHP10095999	Healthy	https://ftp.ncbi.nlm.nih.gov/geo/samples/GSM7788nnn/GSM7788688/suppl/GSM7788688_MdHP10095999.bed.gz	GSM7788688.bed.gz
GSM7788689	MdHP10097407	Healthy	https://ftp.ncbi.nlm.nih.gov/geo/samples/GSM7788nnn/GSM7788689/suppl/GSM7788689_MdHP10097407.bed.gz	GSM7788689.bed.gz
GSM7788690	MdHP10102703	Healthy	https://ftp.ncbi.nlm.nih.gov/geo/samples/GSM7788nnn/GSM7788690/suppl/GSM7788690_MdHP10102703.bed.gz	GSM7788690.bed.gz
GSM7788691	MdHP10111016	Healthy	https://ftp.ncbi.nlm.nih.gov/geo/samples/GSM7788nnn/GSM7788691/suppl/GSM7788691_MdHP10111016.bed.gz	GSM7788691.bed.gz
GSM7788692	MdHP10111616	Healthy	https://ftp.ncbi.nlm.nih.gov/geo/samples/GSM7788nnn/GSM7788692/suppl/GSM7788692_MdHP10111616.bed.gz	GSM7788692.bed.gz
GSM7788693	MdHP10111717	Healthy	https://ftp.ncbi.nlm.nih.gov/geo/samples/GSM7788nnn/GSM7788693/suppl/GSM7788693_MdHP10111717.bed.gz	GSM7788693.bed.gz
GSM7788694	MdHP10116305	Healthy	https://ftp.ncbi.nlm.nih.gov/geo/samples/GSM7788nnn/GSM7788694/suppl/GSM7788694_MdHP10116305.bed.gz	GSM7788694.bed.gz
GSM7788695	MdHP10123027	Healthy	https://ftp.ncbi.nlm.nih.gov/geo/samples/GSM7788nnn/GSM7788695/suppl/GSM7788695_MdHP10123027.bed.gz	GSM7788695.bed.gz
GSM7788696	MdHP10132279	Healthy	https://ftp.ncbi.nlm.nih.gov/geo/samples/GSM7788nnn/GSM7788696/suppl/GSM7788696_MdHP10132279.bed.gz	GSM7788696.bed.gz
GSM7788697	MdHP10133405	Healthy	https://ftp.ncbi.nlm.nih.gov/geo/samples/GSM7788nnn/GSM7788697/suppl/GSM7788697_MdHP10133405.bed.gz	GSM7788697.bed.gz
GSM7788698	MdHP10135963	Healthy	https://ftp.ncbi.nlm.nih.gov/geo/samples/GSM7788nnn/GSM7788698/suppl/GSM7788698_MdHP10135963.bed.gz	GSM7788698.bed.gz
GSM7788699	MdHP140197	Healthy	https://ftp.ncbi.nlm.nih.gov/geo/samples/GSM7788nnn/GSM7788699/suppl/GSM7788699_MdHP140197.bed.gz	GSM7788699.bed.gz
GSM7788700	MdHP53	Prostate	https://ftp.ncbi.nlm.nih.gov/geo/samples/GSM7788nnn/GSM7788700/suppl/GSM7788700_MdHP53.bed.gz	GSM7788700.bed.gz
GSM7788701	MdHP54	Prostate	https://ftp.ncbi.nlm.nih.gov/geo/samples/GSM7788nnn/GSM7788701/suppl/GSM7788701_MdHP54.bed.gz	GSM7788701.bed.gz
GSM7788702	MdLC01	NSCLC	https://ftp.ncbi.nlm.nih.gov/geo/samples/GSM7788nnn/GSM7788702/suppl/GSM7788702_MdLC01.bed.gz	GSM7788702.bed.gz
GSM7788703	MdLC02	NSCLC	https://ftp.ncbi.nlm.nih.gov/geo/samples/GSM7788nnn/GSM7788703/suppl/GSM7788703_MdLC02.bed.gz	GSM7788703.bed.gz
GSM7788704	MdLC04	NSCLC	https://ftp.ncbi.nlm.nih.gov/geo/samples/GSM7788nnn/GSM7788704/suppl/GSM7788704_MdLC04.bed.gz	GSM7788704.bed.gz
GSM7788705	MdLC05	NSCLC	https://ftp.ncbi.nlm.nih.gov/geo/samples/GSM7788nnn/GSM7788705/suppl/GSM7788705_MdLC05.bed.gz	GSM7788705.bed.gz
GSM7788706	MdLC07	NSCLC	https://ftp.ncbi.nlm.nih.gov/geo/samples/GSM7788nnn/GSM7788706/suppl/GSM7788706_MdLC07.bed.gz	GSM7788706.bed.gz
GSM7788707	MdLC08	NSCLC	https://ftp.ncbi.nlm.nih.gov/geo/samples/GSM7788nnn/GSM7788707/suppl/GSM7788707_MdLC08.bed.gz	GSM7788707.bed.gz
GSM7788708	MdLC09	SCLC	https://ftp.ncbi.nlm.nih.gov/geo/samples/GSM7788nnn/GSM7788708/suppl/GSM7788708_MdLC09.bed.gz	GSM7788708.bed.gz
GSM7788709	MdLC10	NSCLC	https://ftp.ncbi.nlm.nih.gov/geo/samples/GSM7788nnn/GSM7788709/suppl/GSM7788709_MdLC10.bed.gz	GSM7788709.bed.gz
GSM7788710	MdLC11	NSCLC	https://ftp.ncbi.nlm.nih.gov/geo/samples/GSM7788nnn/GSM7788710/suppl/GSM7788710_MdLC11.bed.gz	GSM7788710.bed.gz
GSM7788711	MdLC12	NSCLC	https://ftp.ncbi.nlm.nih.gov/geo/samples/GSM7788nnn/GSM7788711/suppl/GSM7788711_MdLC12.bed.gz	GSM7788711.bed.gz
GSM7788712	MdLC16	NSCLC	https://ftp.ncbi.nlm.nih.gov/geo/samples/GSM7788nnn/GSM7788712/suppl/GSM7788712_MdLC16.bed.gz	GSM7788712.bed.gz
GSM7788713	MdLC17	NSCLC	https://ftp.ncbi.nlm.nih.gov/geo/samples/GSM7788nnn/GSM7788713/suppl/GSM7788713_MdLC17.bed.gz	GSM7788713.bed.gz
GSM7788714	MdLC19	NSCLC	https://ftp.ncbi.nlm.nih.gov/geo/samples/GSM7788nnn/GSM7788714/suppl/GSM7788714_MdLC19.bed.gz	GSM7788714.bed.gz
GSM7788715	MdLC20	NSCLC	https://ftp.ncbi.nlm.nih.gov/geo/samples/GSM7788nnn/GSM7788715/suppl/GSM7788715_MdLC20.bed.gz	GSM7788715.bed.gz
GSM7788716	MdLC21	NSCLC	https://ftp.ncbi.nlm.nih.gov/geo/samples/GSM7788nnn/GSM7788716/suppl/GSM7788716_MdLC21.bed.gz	GSM7788716.bed.gz
GSM7788717	MdLC23	NSCLC	https://ftp.ncbi.nlm.nih.gov/geo/samples/GSM7788nnn/GSM7788717/suppl/GSM7788717_MdLC23.bed.gz	GSM7788717.bed.gz
GSM7788718	MdLC26	SCLC	https://ftp.ncbi.nlm.nih.gov/geo/samples/GSM7788nnn/GSM7788718/suppl/GSM7788718_MdLC26.bed.gz	GSM7788718.bed.gz
GSM7788719	MdLC28	NSCLC	https://ftp.ncbi.nlm.nih.gov/geo/samples/GSM7788nnn/GSM7788719/suppl/GSM7788719_MdLC28.bed.gz	GSM7788719.bed.gz
GSM7788720	MdLC29	SCLC	https://ftp.ncbi.nlm.nih.gov/geo/samples/GSM7788nnn/GSM7788720/suppl/GSM7788720_MdLC29.bed.gz	GSM7788720.bed.gz
GSM7788721	MdLC31	NSCLC	https://ftp.ncbi.nlm.nih.gov/geo/samples/GSM7788nnn/GSM7788721/suppl/GSM7788721_MdLC31.bed.gz	GSM7788721.bed.gz
GSM7788722	MdLC32	SCLC	https://ftp.ncbi.nlm.nih.gov/geo/samples/GSM7788nnn/GSM7788722/suppl/GSM7788722_MdLC32.bed.gz	GSM7788722.bed.gz
GSM7788723	MdLC33	SCLC	https://ftp.ncbi.nlm.nih.gov/geo/samples/GSM7788nnn/GSM7788723/suppl/GSM7788723_MdLC33.bed.gz	GSM7788723.bed.gz
GSM7788724	MdLC34	SCLC	https://ftp.ncbi.nlm.nih.gov/geo/samples/GSM7788nnn/GSM7788724/suppl/GSM7788724_MdLC34.bed.gz	GSM7788724.bed.gz
GSM7788725	MdLC36	SCLC	https://ftp.ncbi.nlm.nih.gov/geo/samples/GSM7788nnn/GSM7788725/suppl/GSM7788725_MdLC36.bed.gz	GSM7788725.bed.gz
GSM7788726	MdLC45	SCLC	https://ftp.ncbi.nlm.nih.gov/geo/samples/GSM7788nnn/GSM7788726/suppl/GSM7788726_MdLC45.bed.gz	GSM7788726.bed.gz
GSM7788727	MdLC46	SCLC	https://ftp.ncbi.nlm.nih.gov/geo/samples/GSM7788nnn/GSM7788727/suppl/GSM7788727_MdLC46.bed.gz	GSM7788727.bed.gz
GSM7788728	MdMel01	Melanoma	https://ftp.ncbi.nlm.nih.gov/geo/samples/GSM7788nnn/GSM7788728/suppl/GSM7788728_MdMel01.bed.gz	GSM7788728.bed.gz
GSM7788729	MdMel02	Melanoma	https://ftp.ncbi.nlm.nih.gov/geo/samples/GSM7788nnn/GSM7788729/suppl/GSM7788729_MdMel02.bed.gz	GSM7788729.bed.gz
GSM7788730	MdMel03	Melanoma	https://ftp.ncbi.nlm.nih.gov/geo/samples/GSM7788nnn/GSM7788730/suppl/GSM7788730_MdMel03.bed.gz	GSM7788730.bed.gz
GSM7788731	MdMel04	Melanoma	https://ftp.ncbi.nlm.nih.gov/geo/samples/GSM7788nnn/GSM7788731/suppl/GSM7788731_MdMel04.bed.gz	GSM7788731.bed.gz
GSM7788732	MdMel05	Melanoma	https://ftp.ncbi.nlm.nih.gov/geo/samples/GSM7788nnn/GSM7788732/suppl/GSM7788732_MdMel05.bed.gz	GSM7788732.bed.gz
GSM7788733	MdMel06	Melanoma	https://ftp.ncbi.nlm.nih.gov/geo/samples/GSM7788nnn/GSM7788733/suppl/GSM7788733_MdMel06.bed.gz	GSM7788733.bed.gz
GSM7788734	MdMP53	Prostate	https://ftp.ncbi.nlm.nih.gov/geo/samples/GSM7788nnn/GSM7788734/suppl/GSM7788734_MdMP53.bed.gz	GSM7788734.bed.gz
GSM7788735	MdMP54	Prostate	https://ftp.ncbi.nlm.nih.gov/geo/samples/GSM7788nnn/GSM7788735/suppl/GSM7788735_MdMP54.bed.gz	GSM7788735.bed.gz
GSM7788736	MdNE2273	NEPC	https://ftp.ncbi.nlm.nih.gov/geo/samples/GSM7788nnn/GSM7788736/suppl/GSM7788736_MdNE2273.bed.gz	GSM7788736.bed.gz
GSM7788737	MdNE3784	NEPC	https://ftp.ncbi.nlm.nih.gov/geo/samples/GSM7788nnn/GSM7788737/suppl/GSM7788737_MdNE3784.bed.gz	GSM7788737.bed.gz
GSM7788738	MdNE3838	NEPC	https://ftp.ncbi.nlm.nih.gov/geo/samples/GSM7788nnn/GSM7788738/suppl/GSM7788738_MdNE3838.bed.gz	GSM7788738.bed.gz
GSM7788739	MdP2627	Prostate	https://ftp.ncbi.nlm.nih.gov/geo/samples/GSM7788nnn/GSM7788739/suppl/GSM7788739_MdP2627.bed.gz	GSM7788739.bed.gz
GSM7788740	MdPC31	Prostate	https://ftp.ncbi.nlm.nih.gov/geo/samples/GSM7788nnn/GSM7788740/suppl/GSM7788740_MdPC31.bed.gz	GSM7788740.bed.gz
GSM7788741	MdPC32	Prostate	https://ftp.ncbi.nlm.nih.gov/geo/samples/GSM7788nnn/GSM7788741/suppl/GSM7788741_MdPC32.bed.gz	GSM7788741.bed.gz
GSM7788742	MdPC38	Prostate	https://ftp.ncbi.nlm.nih.gov/geo/samples/GSM7788nnn/GSM7788742/suppl/GSM7788742_MdPC38.bed.gz	GSM7788742.bed.gz
GSM7788743	MdPC39	Prostate	https://ftp.ncbi.nlm.nih.gov/geo/samples/GSM7788nnn/GSM7788743/suppl/GSM7788743_MdPC39.bed.gz	GSM7788743.bed.gz
GSM7788744	MdPC40	Prostate	https://ftp.ncbi.nlm.nih.gov/geo/samples/GSM7788nnn/GSM7788744/suppl/GSM7788744_MdPC40.bed.gz	GSM7788744.bed.gz
GSM7788745	MdPC48	Prostate	https://ftp.ncbi.nlm.nih.gov/geo/samples/GSM7788nnn/GSM7788745/suppl/GSM7788745_MdPC48.bed.gz	GSM7788745.bed.gz
GSM7788746	MdPR2514	Prostate	https://ftp.ncbi.nlm.nih.gov/geo/samples/GSM7788nnn/GSM7788746/suppl/GSM7788746_MdPR2514.bed.gz	GSM7788746.bed.gz
GSM7788747	MdPR2777	Prostate	https://ftp.ncbi.nlm.nih.gov/geo/samples/GSM7788nnn/GSM7788747/suppl/GSM7788747_MdPR2777.bed.gz	GSM7788747.bed.gz
GSM7788748	MdPR2778	Prostate	https://ftp.ncbi.nlm.nih.gov/geo/samples/GSM7788nnn/GSM7788748/suppl/GSM7788748_MdPR2778.bed.gz	GSM7788748.bed.gz
GSM7788749	MdPR3294	Prostate	https://ftp.ncbi.nlm.nih.gov/geo/samples/GSM7788nnn/GSM7788749/suppl/GSM7788749_MdPR3294.bed.gz	GSM7788749.bed.gz
GSM7788750	MdPR3424	Prostate	https://ftp.ncbi.nlm.nih.gov/geo/samples/GSM7788nnn/GSM7788750/suppl/GSM7788750_MdPR3424.bed.gz	GSM7788750.bed.gz
GSM7788751	MdPR8665	Prostate	https://ftp.ncbi.nlm.nih.gov/geo/samples/GSM7788nnn/GSM7788751/suppl/GSM7788751_MdPR8665.bed.gz	GSM7788751.bed.gz
GSM7788752	MdRC38	SCLC	https://ftp.ncbi.nlm.nih.gov/geo/samples/GSM7788nnn/GSM7788752/suppl/GSM7788752_MdRC38.bed.gz	GSM7788752.bed.gz
GSM7788753	MdRCcC944	Renal	https://ftp.ncbi.nlm.nih.gov/geo/samples/GSM7788nnn/GSM7788753/suppl/GSM7788753_MdRCcC944.bed.gz	GSM7788753.bed.gz
GSM7788754	MdRCcC973	Renal	https://ftp.ncbi.nlm.nih.gov/geo/samples/GSM7788nnn/GSM7788754/suppl/GSM7788754_MdRCcC973.bed.gz	GSM7788754.bed.gz
GSM7788755	MdRCh1331	Renal	https://ftp.ncbi.nlm.nih.gov/geo/samples/GSM7788nnn/GSM7788755/suppl/GSM7788755_MdRCh1331.bed.gz	GSM7788755.bed.gz
GSM7788759	MeDprP40	Prostate	https://ftp.ncbi.nlm.nih.gov/geo/samples/GSM7788nnn/GSM7788759/suppl/GSM7788759_MeDprP40.bed.gz	GSM7788759.bed.gz
GSM7788760	MeDptP38	Prostate	https://ftp.ncbi.nlm.nih.gov/geo/samples/GSM7788nnn/GSM7788760/suppl/GSM7788760_MeDptP38.bed.gz	GSM7788760.bed.gz
GSM7788761	MeDptP39	Prostate	https://ftp.ncbi.nlm.nih.gov/geo/samples/GSM7788nnn/GSM7788761/suppl/GSM7788761_MeDptP39.bed.gz	GSM7788761.bed.gz
GSM7788762	MeDptP40	Prostate	https://ftp.ncbi.nlm.nih.gov/geo/samples/GSM7788nnn/GSM7788762/suppl/GSM7788762_MeDptP40.bed.gz	GSM7788762.bed.gz
GSM7788763	MeDptP41	Prostate	https://ftp.ncbi.nlm.nih.gov/geo/samples/GSM7788nnn/GSM7788763/suppl/GSM7788763_MeDptP41.bed.gz	GSM7788763.bed.gz
GSM7788764	MeDptP42	Prostate	https://ftp.ncbi.nlm.nih.gov/geo/samples/GSM7788nnn/GSM7788764/suppl/GSM7788764_MeDptP42.bed.gz	GSM7788764.bed.gz
GSM7788765	MEGS4488	Esophageal	https://ftp.ncbi.nlm.nih.gov/geo/samples/GSM7788nnn/GSM7788765/suppl/GSM7788765_MEGS4488.bed.gz	GSM7788765.bed.gz
GSM7788793	MESG3726	Esophageal	https://ftp.ncbi.nlm.nih.gov/geo/samples/GSM7788nnn/GSM7788793/suppl/GSM7788793_MESG3726.bed.gz	GSM7788793.bed.gz
GSM7788794	MESG3789	Esophageal	https://ftp.ncbi.nlm.nih.gov/geo/samples/GSM7788nnn/GSM7788794/suppl/GSM7788794_MESG3789.bed.gz	GSM7788794.bed.gz
GSM7788795	MESG3794	Esophageal	https://ftp.ncbi.nlm.nih.gov/geo/samples/GSM7788nnn/GSM7788795/suppl/GSM7788795_MESG3794.bed.gz	GSM7788795.bed.gz
GSM7788796	MESG3801	Esophageal	https://ftp.ncbi.nlm.nih.gov/geo/samples/GSM7788nnn/GSM7788796/suppl/GSM7788796_MESG3801.bed.gz	GSM7788796.bed.gz
GSM7788797	MESG3845	Esophageal	https://ftp.ncbi.nlm.nih.gov/geo/samples/GSM7788nnn/GSM7788797/suppl/GSM7788797_MESG3845.bed.gz	GSM7788797.bed.gz
GSM7788798	MESG3906	Esophageal	https://ftp.ncbi.nlm.nih.gov/geo/samples/GSM7788nnn/GSM7788798/suppl/GSM7788798_MESG3906.bed.gz	GSM7788798.bed.gz
GSM7788799	MESG4206	Esophageal	https://ftp.ncbi.nlm.nih.gov/geo/samples/GSM7788nnn/GSM7788799/suppl/GSM7788799_MESG4206.bed.gz	GSM7788799.bed.gz
GSM7788800	MESG4275	Esophageal	https://ftp.ncbi.nlm.nih.gov/geo/samples/GSM7788nnn/GSM7788800/suppl/GSM7788800_MESG4275.bed.gz	GSM7788800.bed.gz
GSM7788801	MESG4300	Esophageal	https://ftp.ncbi.nlm.nih.gov/geo/samples/GSM7788nnn/GSM7788801/suppl/GSM7788801_MESG4300.bed.gz	GSM7788801.bed.gz
GSM7788802	MESG4325	Esophageal	https://ftp.ncbi.nlm.nih.gov/geo/samples/GSM7788nnn/GSM7788802/suppl/GSM7788802_MESG4325.bed.gz	GSM7788802.bed.gz
GSM7788803	MESG4348	Esophageal	https://ftp.ncbi.nlm.nih.gov/geo/samples/GSM7788nnn/GSM7788803/suppl/GSM7788803_MESG4348.bed.gz	GSM7788803.bed.gz
GSM7788804	MESG9920	Colorectal	https://ftp.ncbi.nlm.nih.gov/geo/samples/GSM7788nnn/GSM7788804/suppl/GSM7788804_MESG9920.bed.gz	GSM7788804.bed.gz
GSM7788805	mEZJFG_TF	Breast	https://ftp.ncbi.nlm.nih.gov/geo/samples/GSM7788nnn/GSM7788805/suppl/GSM7788805_mEZJFG_TF.bed.gz	GSM7788805.bed.gz
GSM7788806	mH5UBF_TF	Breast	https://ftp.ncbi.nlm.nih.gov/geo/samples/GSM7788nnn/GSM7788806/suppl/GSM7788806_mH5UBF_TF.bed.gz	GSM7788806.bed.gz
GSM7788809	mHU30E_TF	Breast	https://ftp.ncbi.nlm.nih.gov/geo/samples/GSM7788nnn/GSM7788809/suppl/GSM7788809_mHU30E_TF.bed.gz	GSM7788809.bed.gz
GSM7788810	mIGFSE_TF	Breast	https://ftp.ncbi.nlm.nih.gov/geo/samples/GSM7788nnn/GSM7788810/suppl/GSM7788810_mIGFSE_TF.bed.gz	GSM7788810.bed.gz
GSM7788811	mISIS109_1	Colorectal	https://ftp.ncbi.nlm.nih.gov/geo/samples/GSM7788nnn/GSM7788811/suppl/GSM7788811_mISIS109_1.bed.gz	GSM7788811.bed.gz
GSM7788812	mISIS13_1	Colorectal	https://ftp.ncbi.nlm.nih.gov/geo/samples/GSM7788nnn/GSM7788812/suppl/GSM7788812_mISIS13_1.bed.gz	GSM7788812.bed.gz
GSM7788813	mISIS21_2	Colorectal	https://ftp.ncbi.nlm.nih.gov/geo/samples/GSM7788nnn/GSM7788813/suppl/GSM7788813_mISIS21_2.bed.gz	GSM7788813.bed.gz
GSM7788814	mISIS32_1	Colorectal	https://ftp.ncbi.nlm.nih.gov/geo/samples/GSM7788nnn/GSM7788814/suppl/GSM7788814_mISIS32_1.bed.gz	GSM7788814.bed.gz
GSM7788815	mISIS90_1	Colorectal	https://ftp.ncbi.nlm.nih.gov/geo/samples/GSM7788nnn/GSM7788815/suppl/GSM7788815_mISIS90_1.bed.gz	GSM7788815.bed.gz
GSM7788816	MJH1	Glioma	https://ftp.ncbi.nlm.nih.gov/geo/samples/GSM7788nnn/GSM7788816/suppl/GSM7788816_MJH1.bed.gz	GSM7788816.bed.gz
GSM7788817	MJH10	Glioma	https://ftp.ncbi.nlm.nih.gov/geo/samples/GSM7788nnn/GSM7788817/suppl/GSM7788817_MJH10.bed.gz	GSM7788817.bed.gz
GSM7788818	MJH2	Glioma	https://ftp.ncbi.nlm.nih.gov/geo/samples/GSM7788nnn/GSM7788818/suppl/GSM7788818_MJH2.bed.gz	GSM7788818.bed.gz
GSM7788819	MJH3	Glioma	https://ftp.ncbi.nlm.nih.gov/geo/samples/GSM7788nnn/GSM7788819/suppl/GSM7788819_MJH3.bed.gz	GSM7788819.bed.gz
GSM7788820	MJH4	Glioma	https://ftp.ncbi.nlm.nih.gov/geo/samples/GSM7788nnn/GSM7788820/suppl/GSM7788820_MJH4.bed.gz	GSM7788820.bed.gz
GSM7788821	MJH5	Glioma	https://ftp.ncbi.nlm.nih.gov/geo/samples/GSM7788nnn/GSM7788821/suppl/GSM7788821_MJH5.bed.gz	GSM7788821.bed.gz
GSM7788822	MJH6	Glioma	https://ftp.ncbi.nlm.nih.gov/geo/samples/GSM7788nnn/GSM7788822/suppl/GSM7788822_MJH6.bed.gz	GSM7788822.bed.gz
GSM7788823	MJH7	Glioma	https://ftp.ncbi.nlm.nih.gov/geo/samples/GSM7788nnn/GSM7788823/suppl/GSM7788823_MJH7.bed.gz	GSM7788823.bed.gz
GSM7788824	MJH8	Glioma	https://ftp.ncbi.nlm.nih.gov/geo/samples/GSM7788nnn/GSM7788824/suppl/GSM7788824_MJH8.bed.gz	GSM7788824.bed.gz
GSM7788825	MJH9	Glioma	https://ftp.ncbi.nlm.nih.gov/geo/samples/GSM7788nnn/GSM7788825/suppl/GSM7788825_MJH9.bed.gz	GSM7788825.bed.gz
GSM7788838	mL8WWS_TF	Breast	https://ftp.ncbi.nlm.nih.gov/geo/samples/GSM7788nnn/GSM7788838/suppl/GSM7788838_mL8WWS_TF.bed.gz	GSM7788838.bed.gz
GSM7788847	mLC25	NSCLC	https://ftp.ncbi.nlm.nih.gov/geo/samples/GSM7788nnn/GSM7788847/suppl/GSM7788847_mLC25.bed.gz	GSM7788847.bed.gz
GSM7788848	mLC33	SCLC	https://ftp.ncbi.nlm.nih.gov/geo/samples/GSM7788nnn/GSM7788848/suppl/GSM7788848_mLC33.bed.gz	GSM7788848.bed.gz
GSM7788851	mLC34	SCLC	https://ftp.ncbi.nlm.nih.gov/geo/samples/GSM7788nnn/GSM7788851/suppl/GSM7788851_mLC34.bed.gz	GSM7788851.bed.gz
GSM7788856	mLCmlf0013	NSCLC	https://ftp.ncbi.nlm.nih.gov/geo/samples/GSM7788nnn/GSM7788856/suppl/GSM7788856_mLCmlf0013.bed.gz	GSM7788856.bed.gz
GSM7788857	mLCmlf0014	NSCLC	https://ftp.ncbi.nlm.nih.gov/geo/samples/GSM7788nnn/GSM7788857/suppl/GSM7788857_mLCmlf0014.bed.gz	GSM7788857.bed.gz
GSM7788858	mLCmlf0015	NSCLC	https://ftp.ncbi.nlm.nih.gov/geo/samples/GSM7788nnn/GSM7788858/suppl/GSM7788858_mLCmlf0015.bed.gz	GSM7788858.bed.gz
GSM7788859	mLCmlf046	Prostate	https://ftp.ncbi.nlm.nih.gov/geo/samples/GSM7788nnn/GSM7788859/suppl/GSM7788859_mLCmlf046.bed.gz	GSM7788859.bed.gz
GSM7788860	mLXE8W_TF	Breast	https://ftp.ncbi.nlm.nih.gov/geo/samples/GSM7788nnn/GSM7788860/suppl/GSM7788860_mLXE8W_TF.bed.gz	GSM7788860.bed.gz
GSM7788861	mMCC228	Merkel cell	https://ftp.ncbi.nlm.nih.gov/geo/samples/GSM7788nnn/GSM7788861/suppl/GSM7788861_mMCC228.bed.gz	GSM7788861.bed.gz
GSM7788862	mMCC240	Merkel cell	https://ftp.ncbi.nlm.nih.gov/geo/samples/GSM7788nnn/GSM7788862/suppl/GSM7788862_mMCC240.bed.gz	GSM7788862.bed.gz
GSM7788863	mMCC241	Merkel cell	https://ftp.ncbi.nlm.nih.gov/geo/samples/GSM7788nnn/GSM7788863/suppl/GSM7788863_mMCC241.bed.gz	GSM7788863.bed.gz
GSM7788864	mMCC245	Merkel cell	https://ftp.ncbi.nlm.nih.gov/geo/samples/GSM7788nnn/GSM7788864/suppl/GSM7788864_mMCC245.bed.gz	GSM7788864.bed.gz
GSM7788865	mMCC253	Merkel cell	https://ftp.ncbi.nlm.nih.gov/geo/samples/GSM7788nnn/GSM7788865/suppl/GSM7788865_mMCC253.bed.gz	GSM7788865.bed.gz
GSM7788866	mMCC260	Merkel cell	https://ftp.ncbi.nlm.nih.gov/geo/samples/GSM7788nnn/GSM7788866/suppl/GSM7788866_mMCC260.bed.gz	GSM7788866.bed.gz
GSM7788867	mMCC266	Merkel cell	https://ftp.ncbi.nlm.nih.gov/geo/samples/GSM7788nnn/GSM7788867/suppl/GSM7788867_mMCC266.bed.gz	GSM7788867.bed.gz
GSM7788868	mMCC270	Merkel cell	https://ftp.ncbi.nlm.nih.gov/geo/samples/GSM7788nnn/GSM7788868/suppl/GSM7788868_mMCC270.bed.gz	GSM7788868.bed.gz
GSM7788869	mMCC274	Merkel cell	https://ftp.ncbi.nlm.nih.gov/geo/samples/GSM7788nnn/GSM7788869/suppl/GSM7788869_mMCC274.bed.gz	GSM7788869.bed.gz
GSM7788870	mMCC279	Merkel cell	https://ftp.ncbi.nlm.nih.gov/geo/samples/GSM7788nnn/GSM7788870/suppl/GSM7788870_mMCC279.bed.gz	GSM7788870.bed.gz
GSM7788871	mMCC284	Merkel cell	https://ftp.ncbi.nlm.nih.gov/geo/samples/GSM7788nnn/GSM7788871/suppl/GSM7788871_mMCC284.bed.gz	GSM7788871.bed.gz
GSM7788872	mMCC306	Merkel cell	https://ftp.ncbi.nlm.nih.gov/geo/samples/GSM7788nnn/GSM7788872/suppl/GSM7788872_mMCC306.bed.gz	GSM7788872.bed.gz
GSM7788873	mMCC316	Merkel cell	https://ftp.ncbi.nlm.nih.gov/geo/samples/GSM7788nnn/GSM7788873/suppl/GSM7788873_mMCC316.bed.gz	GSM7788873.bed.gz
GSM7788874	mMCC323	Merkel cell	https://ftp.ncbi.nlm.nih.gov/geo/samples/GSM7788nnn/GSM7788874/suppl/GSM7788874_mMCC323.bed.gz	GSM7788874.bed.gz
GSM7788875	mMCC324	Merkel cell	https://ftp.ncbi.nlm.nih.gov/geo/samples/GSM7788nnn/GSM7788875/suppl/GSM7788875_mMCC324.bed.gz	GSM7788875.bed.gz
GSM7788876	mMerk168	Merkel cell	https://ftp.ncbi.nlm.nih.gov/geo/samples/GSM7788nnn/GSM7788876/suppl/GSM7788876_mMerk168.bed.gz	GSM7788876.bed.gz
GSM7788877	mMerk197	Merkel cell	https://ftp.ncbi.nlm.nih.gov/geo/samples/GSM7788nnn/GSM7788877/suppl/GSM7788877_mMerk197.bed.gz	GSM7788877.bed.gz
GSM7788878	mMerk212	NEPC	https://ftp.ncbi.nlm.nih.gov/geo/samples/GSM7788nnn/GSM7788878/suppl/GSM7788878_mMerk212.bed.gz	GSM7788878.bed.gz
GSM7788879	mMerk229	NEPC	https://ftp.ncbi.nlm.nih.gov/geo/samples/GSM7788nnn/GSM7788879/suppl/GSM7788879_mMerk229.bed.gz	GSM7788879.bed.gz
GSM7788880	mMGI933_1	Ovarian	https://ftp.ncbi.nlm.nih.gov/geo/samples/GSM7788nnn/GSM7788880/suppl/GSM7788880_mMGI933_1.bed.gz	GSM7788880.bed.gz
GSM7788881	mMGI938_1	Ovarian	https://ftp.ncbi.nlm.nih.gov/geo/samples/GSM7788nnn/GSM7788881/suppl/GSM7788881_mMGI938_1.bed.gz	GSM7788881.bed.gz
GSM7788882	mMGI940_2	Ovarian	https://ftp.ncbi.nlm.nih.gov/geo/samples/GSM7788nnn/GSM7788882/suppl/GSM7788882_mMGI940_2.bed.gz	GSM7788882.bed.gz
GSM7788883	mMGI942_1	Ovarian	https://ftp.ncbi.nlm.nih.gov/geo/samples/GSM7788nnn/GSM7788883/suppl/GSM7788883_mMGI942_1.bed.gz	GSM7788883.bed.gz
GSM7788885	mmPS55_2	NSCLC	https://ftp.ncbi.nlm.nih.gov/geo/samples/GSM7788nnn/GSM7788885/suppl/GSM7788885_mmPS55_2.bed.gz	GSM7788885.bed.gz
GSM7788886	mNEmlf013	Prostate	https://ftp.ncbi.nlm.nih.gov/geo/samples/GSM7788nnn/GSM7788886/suppl/GSM7788886_mNEmlf013.bed.gz	GSM7788886.bed.gz
GSM7788887	mNEmlf014	Prostate	https://ftp.ncbi.nlm.nih.gov/geo/samples/GSM7788nnn/GSM7788887/suppl/GSM7788887_mNEmlf014.bed.gz	GSM7788887.bed.gz
GSM7788888	mNEmlf015	NSCLC	https://ftp.ncbi.nlm.nih.gov/geo/samples/GSM7788nnn/GSM7788888/suppl/GSM7788888_mNEmlf015.bed.gz	GSM7788888.bed.gz
GSM7788889	mNEmlf016	NEPC	https://ftp.ncbi.nlm.nih.gov/geo/samples/GSM7788nnn/GSM7788889/suppl/GSM7788889_mNEmlf016.bed.gz	GSM7788889.bed.gz
GSM7788890	mNEmlf017	NEPC	https://ftp.ncbi.nlm.nih.gov/geo/samples/GSM7788nnn/GSM7788890/suppl/GSM7788890_mNEmlf017.bed.gz	GSM7788890.bed.gz
GSM7788891	mNEmlf019	Merkel cell	https://ftp.ncbi.nlm.nih.gov/geo/samples/GSM7788nnn/GSM7788891/suppl/GSM7788891_mNEmlf019.bed.gz	GSM7788891.bed.gz
GSM7788892	mNEmlf020	Prostate	https://ftp.ncbi.nlm.nih.gov/geo/samples/GSM7788nnn/GSM7788892/suppl/GSM7788892_mNEmlf020.bed.gz	GSM7788892.bed.gz
GSM7788893	mNEmlf021	Hepatocellular	https://ftp.ncbi.nlm.nih.gov/geo/samples/GSM7788nnn/GSM7788893/suppl/GSM7788893_mNEmlf021.bed.gz	GSM7788893.bed.gz
GSM7788894	mNEmlf022	Merkel cell	https://ftp.ncbi.nlm.nih.gov/geo/samples/GSM7788nnn/GSM7788894/suppl/GSM7788894_mNEmlf022.bed.gz	GSM7788894.bed.gz
GSM7788895	MNEPC10a	NEPC	https://ftp.ncbi.nlm.nih.gov/geo/samples/GSM7788nnn/GSM7788895/suppl/GSM7788895_MNEPC10a.bed.gz	GSM7788895.bed.gz
GSM7788896	MNEPC10b	NEPC	https://ftp.ncbi.nlm.nih.gov/geo/samples/GSM7788nnn/GSM7788896/suppl/GSM7788896_MNEPC10b.bed.gz	GSM7788896.bed.gz
GSM7788897	MNEPC11a	NEPC	https://ftp.ncbi.nlm.nih.gov/geo/samples/GSM7788nnn/GSM7788897/suppl/GSM7788897_MNEPC11a.bed.gz	GSM7788897.bed.gz
GSM7788898	MNEPC11b	NEPC	https://ftp.ncbi.nlm.nih.gov/geo/samples/GSM7788nnn/GSM7788898/suppl/GSM7788898_MNEPC11b.bed.gz	GSM7788898.bed.gz
GSM7788899	MNEPC12a	Prostate	https://ftp.ncbi.nlm.nih.gov/geo/samples/GSM7788nnn/GSM7788899/suppl/GSM7788899_MNEPC12a.bed.gz	GSM7788899.bed.gz
GSM7788900	MNEPC12b	NEPC	https://ftp.ncbi.nlm.nih.gov/geo/samples/GSM7788nnn/GSM7788900/suppl/GSM7788900_MNEPC12b.bed.gz	GSM7788900.bed.gz
GSM7788901	MNEPC3a	Small cell bladder	https://ftp.ncbi.nlm.nih.gov/geo/samples/GSM7788nnn/GSM7788901/suppl/GSM7788901_MNEPC3a.bed.gz	GSM7788901.bed.gz
GSM7788902	MNEPC3b	Small cell bladder	https://ftp.ncbi.nlm.nih.gov/geo/samples/GSM7788nnn/GSM7788902/suppl/GSM7788902_MNEPC3b.bed.gz	GSM7788902.bed.gz
GSM7788903	MNEPC4a	Prostate	https://ftp.ncbi.nlm.nih.gov/geo/samples/GSM7788nnn/GSM7788903/suppl/GSM7788903_MNEPC4a.bed.gz	GSM7788903.bed.gz
GSM7788904	MNEPC4b	Prostate	https://ftp.ncbi.nlm.nih.gov/geo/samples/GSM7788nnn/GSM7788904/suppl/GSM7788904_MNEPC4b.bed.gz	GSM7788904.bed.gz
GSM7788905	MNEPC5a	Prostate	https://ftp.ncbi.nlm.nih.gov/geo/samples/GSM7788nnn/GSM7788905/suppl/GSM7788905_MNEPC5a.bed.gz	GSM7788905.bed.gz
GSM7788906	MNEPC5b	Prostate	https://ftp.ncbi.nlm.nih.gov/geo/samples/GSM7788nnn/GSM7788906/suppl/GSM7788906_MNEPC5b.bed.gz	GSM7788906.bed.gz
GSM7788907	MNEPC6a	NEPC	https://ftp.ncbi.nlm.nih.gov/geo/samples/GSM7788nnn/GSM7788907/suppl/GSM7788907_MNEPC6a.bed.gz	GSM7788907.bed.gz
GSM7788908	MNEPC6b	NEPC	https://ftp.ncbi.nlm.nih.gov/geo/samples/GSM7788nnn/GSM7788908/suppl/GSM7788908_MNEPC6b.bed.gz	GSM7788908.bed.gz
GSM7788909	MNEPC8a	NEPC	https://ftp.ncbi.nlm.nih.gov/geo/samples/GSM7788nnn/GSM7788909/suppl/GSM7788909_MNEPC8a.bed.gz	GSM7788909.bed.gz
GSM7788910	MNEPC9a	NEPC	https://ftp.ncbi.nlm.nih.gov/geo/samples/GSM7788nnn/GSM7788910/suppl/GSM7788910_MNEPC9a.bed.gz	GSM7788910.bed.gz
GSM7788911	MNEPC9b	NEPC	https://ftp.ncbi.nlm.nih.gov/geo/samples/GSM7788nnn/GSM7788911/suppl/GSM7788911_MNEPC9b.bed.gz	GSM7788911.bed.gz
GSM7788912	mNIH_AMP_8_2	NSCLC	https://ftp.ncbi.nlm.nih.gov/geo/samples/GSM7788nnn/GSM7788912/suppl/GSM7788912_mNIH_AMP_8_2.bed.gz	GSM7788912.bed.gz
GSM7788913	mNIH_PS_36_2	NEPC	https://ftp.ncbi.nlm.nih.gov/geo/samples/GSM7788nnn/GSM7788913/suppl/GSM7788913_mNIH_PS_36_2.bed.gz	GSM7788913.bed.gz
GSM7788914	mNIH_PS_7_1	Colorectal	https://ftp.ncbi.nlm.nih.gov/geo/samples/GSM7788nnn/GSM7788914/suppl/GSM7788914_mNIH_PS_7_1.bed.gz	GSM7788914.bed.gz
GSM7788915	mNIH_TRC_4_2	Prostate	https://ftp.ncbi.nlm.nih.gov/geo/samples/GSM7788nnn/GSM7788915/suppl/GSM7788915_mNIH_TRC_4_2.bed.gz	GSM7788915.bed.gz
GSM7788916	mNIH_TRC_7_1	Hepatocellular	https://ftp.ncbi.nlm.nih.gov/geo/samples/GSM7788nnn/GSM7788916/suppl/GSM7788916_mNIH_TRC_7_1.bed.gz	GSM7788916.bed.gz
GSM7788917	mNIH_TRHC_14_2	Hepatocellular	https://ftp.ncbi.nlm.nih.gov/geo/samples/GSM7788nnn/GSM7788917/suppl/GSM7788917_mNIH_TRHC_14_2.bed.gz	GSM7788917.bed.gz
GSM7788918	mNIH_TRHC_7_2	Prostate	https://ftp.ncbi.nlm.nih.gov/geo/samples/GSM7788nnn/GSM7788918/suppl/GSM7788918_mNIH_TRHC_7_2.bed.gz	GSM7788918.bed.gz
GSM7788927	mPCmlf049	Thymic	https://ftp.ncbi.nlm.nih.gov/geo/samples/GSM7788nnn/GSM7788927/suppl/GSM7788927_mPCmlf049.bed.gz	GSM7788927.bed.gz
GSM7788928	mPCmlf052	Prostate	https://ftp.ncbi.nlm.nih.gov/geo/samples/GSM7788nnn/GSM7788928/suppl/GSM7788928_mPCmlf052.bed.gz	GSM7788928.bed.gz
GSM7788929	mPCmlf066	NEPC	https://ftp.ncbi.nlm.nih.gov/geo/samples/GSM7788nnn/GSM7788929/suppl/GSM7788929_mPCmlf066.bed.gz	GSM7788929.bed.gz
GSM7788930	mPCmlf074	Thymic	https://ftp.ncbi.nlm.nih.gov/geo/samples/GSM7788nnn/GSM7788930/suppl/GSM7788930_mPCmlf074.bed.gz	GSM7788930.bed.gz
GSM7788931	mPCmlf080	Colorectal	https://ftp.ncbi.nlm.nih.gov/geo/samples/GSM7788nnn/GSM7788931/suppl/GSM7788931_mPCmlf080.bed.gz	GSM7788931.bed.gz
GSM7788932	mPCmlf081	SCLC	https://ftp.ncbi.nlm.nih.gov/geo/samples/GSM7788nnn/GSM7788932/suppl/GSM7788932_mPCmlf081.bed.gz	GSM7788932.bed.gz
GSM7788933	mPS12_2	NSCLC	https://ftp.ncbi.nlm.nih.gov/geo/samples/GSM7788nnn/GSM7788933/suppl/GSM7788933_mPS12_2.bed.gz	GSM7788933.bed.gz
GSM7788934	mPS122_2	NSCLC	https://ftp.ncbi.nlm.nih.gov/geo/samples/GSM7788nnn/GSM7788934/suppl/GSM7788934_mPS122_2.bed.gz	GSM7788934.bed.gz
GSM7788935	mPS154_2	NSCLC	https://ftp.ncbi.nlm.nih.gov/geo/samples/GSM7788nnn/GSM7788935/suppl/GSM7788935_mPS154_2.bed.gz	GSM7788935.bed.gz
GSM7788936	mPS173_2	NSCLC	https://ftp.ncbi.nlm.nih.gov/geo/samples/GSM7788nnn/GSM7788936/suppl/GSM7788936_mPS173_2.bed.gz	GSM7788936.bed.gz
GSM7788937	mPS197_2	NSCLC	https://ftp.ncbi.nlm.nih.gov/geo/samples/GSM7788nnn/GSM7788937/suppl/GSM7788937_mPS197_2.bed.gz	GSM7788937.bed.gz
GSM7788938	mPS219_2	NSCLC	https://ftp.ncbi.nlm.nih.gov/geo/samples/GSM7788nnn/GSM7788938/suppl/GSM7788938_mPS219_2.bed.gz	GSM7788938.bed.gz
GSM7788939	mPS245_2	NSCLC	https://ftp.ncbi.nlm.nih.gov/geo/samples/GSM7788nnn/GSM7788939/suppl/GSM7788939_mPS245_2.bed.gz	GSM7788939.bed.gz
GSM7788940	mPS248_2	NSCLC	https://ftp.ncbi.nlm.nih.gov/geo/samples/GSM7788nnn/GSM7788940/suppl/GSM7788940_mPS248_2.bed.gz	GSM7788940.bed.gz
GSM7788941	mPS75_2	NSCLC	https://ftp.ncbi.nlm.nih.gov/geo/samples/GSM7788nnn/GSM7788941/suppl/GSM7788941_mPS75_2.bed.gz	GSM7788941.bed.gz
GSM7788942	mPS96_2	NSCLC	https://ftp.ncbi.nlm.nih.gov/geo/samples/GSM7788nnn/GSM7788942/suppl/GSM7788942_mPS96_2.bed.gz	GSM7788942.bed.gz
GSM7788943	mSMAC11_2	Ovarian	https://ftp.ncbi.nlm.nih.gov/geo/samples/GSM7788nnn/GSM7788943/suppl/GSM7788943_mSMAC11_2.bed.gz	GSM7788943.bed.gz
GSM7788944	mSMAC16_2	Ovarian	https://ftp.ncbi.nlm.nih.gov/geo/samples/GSM7788nnn/GSM7788944/suppl/GSM7788944_mSMAC16_2.bed.gz	GSM7788944.bed.gz
GSM7788945	mSMAC23_2	Ovarian	https://ftp.ncbi.nlm.nih.gov/geo/samples/GSM7788nnn/GSM7788945/suppl/GSM7788945_mSMAC23_2.bed.gz	GSM7788945.bed.gz
GSM7788946	mSMAC5_2	Ovarian	https://ftp.ncbi.nlm.nih.gov/geo/samples/GSM7788nnn/GSM7788946/suppl/GSM7788946_mSMAC5_2.bed.gz	GSM7788946.bed.gz
GSM7788947	mTRC11_1	Prostate	https://ftp.ncbi.nlm.nih.gov/geo/samples/GSM7788nnn/GSM7788947/suppl/GSM7788947_mTRC11_1.bed.gz	GSM7788947.bed.gz
GSM7788948	mTRC23_1	Prostate	https://ftp.ncbi.nlm.nih.gov/geo/samples/GSM7788nnn/GSM7788948/suppl/GSM7788948_mTRC23_1.bed.gz	GSM7788948.bed.gz
GSM7788949	mTRC25_1	Prostate	https://ftp.ncbi.nlm.nih.gov/geo/samples/GSM7788nnn/GSM7788949/suppl/GSM7788949_mTRC25_1.bed.gz	GSM7788949.bed.gz
GSM7788950	mTRC30_1	Prostate	https://ftp.ncbi.nlm.nih.gov/geo/samples/GSM7788nnn/GSM7788950/suppl/GSM7788950_mTRC30_1.bed.gz	GSM7788950.bed.gz
GSM7788951	mTRC40_1	Prostate	https://ftp.ncbi.nlm.nih.gov/geo/samples/GSM7788nnn/GSM7788951/suppl/GSM7788951_mTRC40_1.bed.gz	GSM7788951.bed.gz
GSM7788952	mTRC42_1	Prostate	https://ftp.ncbi.nlm.nih.gov/geo/samples/GSM7788nnn/GSM7788952/suppl/GSM7788952_mTRC42_1.bed.gz	GSM7788952.bed.gz
GSM7788953	mTRC53_1	Prostate	https://ftp.ncbi.nlm.nih.gov/geo/samples/GSM7788nnn/GSM7788953/suppl/GSM7788953_mTRC53_1.bed.gz	GSM7788953.bed.gz
GSM7788954	mTRC61_2	Prostate	https://ftp.ncbi.nlm.nih.gov/geo/samples/GSM7788nnn/GSM7788954/suppl/GSM7788954_mTRC61_2.bed.gz	GSM7788954.bed.gz
GSM7788955	mTRC67_2	Prostate	https://ftp.ncbi.nlm.nih.gov/geo/samples/GSM7788nnn/GSM7788955/suppl/GSM7788955_mTRC67_2.bed.gz	GSM7788955.bed.gz
GSM7788956	mTRC78_1	Prostate	https://ftp.ncbi.nlm.nih.gov/geo/samples/GSM7788nnn/GSM7788956/suppl/GSM7788956_mTRC78_1.bed.gz	GSM7788956.bed.gz
GSM7788957	mTRC84_2	Prostate	https://ftp.ncbi.nlm.nih.gov/geo/samples/GSM7788nnn/GSM7788957/suppl/GSM7788957_mTRC84_2.bed.gz	GSM7788957.bed.gz
GSM7788958	mTRHC101_2	Hepatocellular	https://ftp.ncbi.nlm.nih.gov/geo/samples/GSM7788nnn/GSM7788958/suppl/GSM7788958_mTRHC101_2.bed.gz	GSM7788958.bed.gz
GSM7788959	mTRHC103_2	Hepatocellular	https://ftp.ncbi.nlm.nih.gov/geo/samples/GSM7788nnn/GSM7788959/suppl/GSM7788959_mTRHC103_2.bed.gz	GSM7788959.bed.gz
GSM7788960	mTRHC128_2	Hepatocellular	https://ftp.ncbi.nlm.nih.gov/geo/samples/GSM7788nnn/GSM7788960/suppl/GSM7788960_mTRHC128_2.bed.gz	GSM7788960.bed.gz
GSM7788961	mTRHC25_2	Hepatocellular	https://ftp.ncbi.nlm.nih.gov/geo/samples/GSM7788nnn/GSM7788961/suppl/GSM7788961_mTRHC25_2.bed.gz	GSM7788961.bed.gz
GSM7788962	mTRHC33_2	Hepatocellular	https://ftp.ncbi.nlm.nih.gov/geo/samples/GSM7788nnn/GSM7788962/suppl/GSM7788962_mTRHC33_2.bed.gz	GSM7788962.bed.gz
GSM7788963	mTRHC47_1	Hepatocellular	https://ftp.ncbi.nlm.nih.gov/geo/samples/GSM7788nnn/GSM7788963/suppl/GSM7788963_mTRHC47_1.bed.gz	GSM7788963.bed.gz
GSM7788964	mTRHC54_2	Hepatocellular	https://ftp.ncbi.nlm.nih.gov/geo/samples/GSM7788nnn/GSM7788964/suppl/GSM7788964_mTRHC54_2.bed.gz	GSM7788964.bed.gz
GSM7788965	mTRHC66_2	Hepatocellular	https://ftp.ncbi.nlm.nih.gov/geo/samples/GSM7788nnn/GSM7788965/suppl/GSM7788965_mTRHC66_2.bed.gz	GSM7788965.bed.gz
GSM7788966	mTRHC68_2	Hepatocellular	https://ftp.ncbi.nlm.nih.gov/geo/samples/GSM7788nnn/GSM7788966/suppl/GSM7788966_mTRHC68_2.bed.gz	GSM7788966.bed.gz
GSM7788967	mTRHC82_2	Hepatocellular	https://ftp.ncbi.nlm.nih.gov/geo/samples/GSM7788nnn/GSM7788967/suppl/GSM7788967_mTRHC82_2.bed.gz	GSM7788967.bed.gz
GSM7788968	mTRHC88_2	Hepatocellular	https://ftp.ncbi.nlm.nih.gov/geo/samples/GSM7788nnn/GSM7788968/suppl/GSM7788968_mTRHC88_2.bed.gz	GSM7788968.bed.gz
