sample_id	analyte	status	subject_number	timepoint	path	primary_cfDNA	secondary_PBL	exclusion_reason
cfDNA_control_1	cfDNA	control	1	baseline	/Users/chnqwe/Science/CVD/CVD_MS_5/submission/supp/intermediate_data/cohort_D/HNSCC_Zenodo_4698004/bed/cfDNA_control_1.bed	TRUE	FALSE	""
cfDNA_control_2	cfDNA	control	2	baseline	/Users/chnqwe/Science/CVD/CVD_MS_5/submission/supp/intermediate_data/cohort_D/HNSCC_Zenodo_4698004/bed/cfDNA_control_2.bed	TRUE	FALSE	""
cfDNA_control_3	cfDNA	control	3	baseline	/Users/chnqwe/Science/CVD/CVD_MS_5/submission/supp/intermediate_data/cohort_D/HNSCC_Zenodo_4698004/bed/cfDNA_control_3.bed	TRUE	FALSE	""
cfDNA_control_4	cfDNA	control	4	baseline	/Users/chnqwe/Science/CVD/CVD_MS_5/submission/supp/intermediate_data/cohort_D/HNSCC_Zenodo_4698004/bed/cfDNA_control_4.bed	TRUE	FALSE	""
cfDNA_control_5	cfDNA	control	5	baseline	/Users/chnqwe/Science/CVD/CVD_MS_5/submission/supp/intermediate_data/cohort_D/HNSCC_Zenodo_4698004/bed/cfDNA_control_5.bed	TRUE	FALSE	""
cfDNA_control_6	cfDNA	control	6	baseline	/Users/chnqwe/Science/CVD/CVD_MS_5/submission/supp/intermediate_data/cohort_D/HNSCC_Zenodo_4698004/bed/cfDNA_control_6.bed	TRUE	FALSE	""
cfDNA_control_7	cfDNA	control	7	baseline	/Users/chnqwe/Science/CVD/CVD_MS_5/submission/supp/intermediate_data/cohort_D/HNSCC_Zenodo_4698004/bed/cfDNA_control_7.bed	TRUE	FALSE	""
cfDNA_control_8	cfDNA	control	8	baseline	/Users/chnqwe/Science/CVD/CVD_MS_5/submission/supp/intermediate_data/cohort_D/HNSCC_Zenodo_4698004/bed/cfDNA_control_8.bed	TRUE	FALSE	""
cfDNA_control_9	cfDNA	control	9	baseline	/Users/chnqwe/Science/CVD/CVD_MS_5/submission/supp/intermediate_data/cohort_D/HNSCC_Zenodo_4698004/bed/cfDNA_control_9.bed	TRUE	FALSE	""
cfDNA_control_10	cfDNA	control	10	baseline	/Users/chnqwe/Science/CVD/CVD_MS_5/submission/supp/intermediate_data/cohort_D/HNSCC_Zenodo_4698004/bed/cfDNA_control_10.bed	TRUE	FALSE	""
cfDNA_control_11	cfDNA	control	11	baseline	/Users/chnqwe/Science/CVD/CVD_MS_5/submission/supp/intermediate_data/cohort_D/HNSCC_Zenodo_4698004/bed/cfDNA_control_11.bed	TRUE	FALSE	""
cfDNA_control_12	cfDNA	control	12	baseline	/Users/chnqwe/Science/CVD/CVD_MS_5/submission/supp/intermediate_data/cohort_D/HNSCC_Zenodo_4698004/bed/cfDNA_control_12.bed	TRUE	FALSE	""
cfDNA_control_13	cfDNA	control	13	baseline	/Users/chnqwe/Science/CVD/CVD_MS_5/submission/supp/intermediate_data/cohort_D/HNSCC_Zenodo_4698004/bed/cfDNA_control_13.bed	TRUE	FALSE	""
cfDNA_control_14	cfDNA	control	14	baseline	/Users/chnqwe/Science/CVD/CVD_MS_5/submission/supp/intermediate_data/cohort_D/HNSCC_Zenodo_4698004/bed/cfDNA_control_14.bed	TRUE	FALSE	""
cfDNA_control_15	cfDNA	control	15	baseline	/Users/chnqwe/Science/CVD/CVD_MS_5/submission/supp/intermediate_data/cohort_D/HNSCC_Zenodo_4698004/bed/cfDNA_control_15.bed	TRUE	FALSE	""
cfDNA_control_16	cfDNA	control	16	baseline	/Users/chnqwe/Science/CVD/CVD_MS_5/submission/supp/intermediate_data/cohort_D/HNSCC_Zenodo_4698004/bed/cfDNA_control_16.bed	TRUE	FALSE	""
cfDNA_control_17	cfDNA	control	17	baseline	/Users/chnqwe/Science/CVD/CVD_MS_5/submission/supp/intermediate_data/cohort_D/HNSCC_Zenodo_4698004/bed/cfDNA_control_17.bed	TRUE	FALSE	""
cfDNA_control_18	cfDNA	control	18	baseline	/Users/chnqwe/Science/CVD/CVD_MS_5/submission/supp/intermediate_data/cohort_D/HNSCC_Zenodo_4698004/bed/cfDNA_control_18.bed	TRUE	FALSE	""
cfDNA_control_19	cfDNA	control	19	baseline	/Users/chnqwe/Science/CVD/CVD_MS_5/submission/supp/intermediate_data/cohort_D/HNSCC_Zenodo_4698004/bed/cfDNA_control_19.bed	TRUE	FALSE	""
cfDNA_control_20	cfDNA	control	20	baseline	/Users/chnqwe/Science/CVD/CVD_MS_5/submission/supp/intermediate_data/cohort_D/HNSCC_Zenodo_4698004/bed/cfDNA_control_20.bed	TRUE	FALSE	""
cfDNA_patient_1_diagnosis	cfDNA	patient	1	diagnosis	/Users/chnqwe/Science/CVD/CVD_MS_5/submission/supp/intermediate_data/cohort_D/HNSCC_Zenodo_4698004/bed/cfDNA_patient_1_diagnosis.bed	TRUE	FALSE	""
cfDNA_patient_2_diagnosis	cfDNA	patient	2	diagnosis	/Users/chnqwe/Science/CVD/CVD_MS_5/submission/supp/intermediate_data/cohort_D/HNSCC_Zenodo_4698004/bed/cfDNA_patient_2_diagnosis.bed	TRUE	FALSE	""
cfDNA_patient_3_BL	cfDNA	patient	3	BL	/Users/chnqwe/Science/CVD/CVD_MS_5/submission/supp/intermediate_data/cohort_D/HNSCC_Zenodo_4698004/bed/cfDNA_patient_3_BL.bed	TRUE	FALSE	""
cfDNA_patient_4_diagnosis	cfDNA	patient	4	diagnosis	/Users/chnqwe/Science/CVD/CVD_MS_5/submission/supp/intermediate_data/cohort_D/HNSCC_Zenodo_4698004/bed/cfDNA_patient_4_diagnosis.bed	TRUE	FALSE	""
cfDNA_patient_5_diagnosis	cfDNA	patient	5	diagnosis	/Users/chnqwe/Science/CVD/CVD_MS_5/submission/supp/intermediate_data/cohort_D/HNSCC_Zenodo_4698004/bed/cfDNA_patient_5_diagnosis.bed	TRUE	FALSE	""
cfDNA_patient_6_diagnosis	cfDNA	patient	6	diagnosis	/Users/chnqwe/Science/CVD/CVD_MS_5/submission/supp/intermediate_data/cohort_D/HNSCC_Zenodo_4698004/bed/cfDNA_patient_6_diagnosis.bed	TRUE	FALSE	""
cfDNA_patient_7_diagnosis	cfDNA	patient	7	diagnosis	/Users/chnqwe/Science/CVD/CVD_MS_5/submission/supp/intermediate_data/cohort_D/HNSCC_Zenodo_4698004/bed/cfDNA_patient_7_diagnosis.bed	TRUE	FALSE	""
cfDNA_patient_8_diagnosis	cfDNA	patient	8	diagnosis	/Users/chnqwe/Science/CVD/CVD_MS_5/submission/supp/intermediate_data/cohort_D/HNSCC_Zenodo_4698004/bed/cfDNA_patient_8_diagnosis.bed	TRUE	FALSE	""
cfDNA_patient_9_diagnosis	cfDNA	patient	9	diagnosis	/Users/chnqwe/Science/CVD/CVD_MS_5/submission/supp/intermediate_data/cohort_D/HNSCC_Zenodo_4698004/bed/cfDNA_patient_9_diagnosis.bed	TRUE	FALSE	""
cfDNA_patient_10_diagnosis	cfDNA	patient	10	diagnosis	/Users/chnqwe/Science/CVD/CVD_MS_5/submission/supp/intermediate_data/cohort_D/HNSCC_Zenodo_4698004/bed/cfDNA_patient_10_diagnosis.bed	TRUE	FALSE	""
cfDNA_patient_11_diagnosis	cfDNA	patient	11	diagnosis	/Users/chnqwe/Science/CVD/CVD_MS_5/submission/supp/intermediate_data/cohort_D/HNSCC_Zenodo_4698004/bed/cfDNA_patient_11_diagnosis.bed	TRUE	FALSE	""
cfDNA_patient_12_diagnosis	cfDNA	patient	12	diagnosis	/Users/chnqwe/Science/CVD/CVD_MS_5/submission/supp/intermediate_data/cohort_D/HNSCC_Zenodo_4698004/bed/cfDNA_patient_12_diagnosis.bed	TRUE	FALSE	""
cfDNA_patient_13_diagnosis	cfDNA	patient	13	diagnosis	/Users/chnqwe/Science/CVD/CVD_MS_5/submission/supp/intermediate_data/cohort_D/HNSCC_Zenodo_4698004/bed/cfDNA_patient_13_diagnosis.bed	TRUE	FALSE	""
cfDNA_patient_14_diagnosis	cfDNA	patient	14	diagnosis	/Users/chnqwe/Science/CVD/CVD_MS_5/submission/supp/intermediate_data/cohort_D/HNSCC_Zenodo_4698004/bed/cfDNA_patient_14_diagnosis.bed	TRUE	FALSE	""
cfDNA_patient_15_diagnosis	cfDNA	patient	15	diagnosis	/Users/chnqwe/Science/CVD/CVD_MS_5/submission/supp/intermediate_data/cohort_D/HNSCC_Zenodo_4698004/bed/cfDNA_patient_15_diagnosis.bed	TRUE	FALSE	""
cfDNA_patient_16_diagnosis	cfDNA	patient	16	diagnosis	/Users/chnqwe/Science/CVD/CVD_MS_5/submission/supp/intermediate_data/cohort_D/HNSCC_Zenodo_4698004/bed/cfDNA_patient_16_diagnosis.bed	TRUE	FALSE	""
cfDNA_patient_17_diagnosis	cfDNA	patient	17	diagnosis	/Users/chnqwe/Science/CVD/CVD_MS_5/submission/supp/intermediate_data/cohort_D/HNSCC_Zenodo_4698004/bed/cfDNA_patient_17_diagnosis.bed	TRUE	FALSE	""
cfDNA_patient_18_diagnosis	cfDNA	patient	18	diagnosis	/Users/chnqwe/Science/CVD/CVD_MS_5/submission/supp/intermediate_data/cohort_D/HNSCC_Zenodo_4698004/bed/cfDNA_patient_18_diagnosis.bed	TRUE	FALSE	""
cfDNA_patient_19_diagnosis	cfDNA	patient	19	diagnosis	/Users/chnqwe/Science/CVD/CVD_MS_5/submission/supp/intermediate_data/cohort_D/HNSCC_Zenodo_4698004/bed/cfDNA_patient_19_diagnosis.bed	TRUE	FALSE	""
cfDNA_patient_20_diagnosis	cfDNA	patient	20	diagnosis	/Users/chnqwe/Science/CVD/CVD_MS_5/submission/supp/intermediate_data/cohort_D/HNSCC_Zenodo_4698004/bed/cfDNA_patient_20_diagnosis.bed	TRUE	FALSE	""
cfDNA_patient_21_diagnosis	cfDNA	patient	21	diagnosis	/Users/chnqwe/Science/CVD/CVD_MS_5/submission/supp/intermediate_data/cohort_D/HNSCC_Zenodo_4698004/bed/cfDNA_patient_21_diagnosis.bed	TRUE	FALSE	""
cfDNA_patient_22_diagnosis	cfDNA	patient	22	diagnosis	/Users/chnqwe/Science/CVD/CVD_MS_5/submission/supp/intermediate_data/cohort_D/HNSCC_Zenodo_4698004/bed/cfDNA_patient_22_diagnosis.bed	TRUE	FALSE	""
cfDNA_patient_23_diagnosis	cfDNA	patient	23	diagnosis	/Users/chnqwe/Science/CVD/CVD_MS_5/submission/supp/intermediate_data/cohort_D/HNSCC_Zenodo_4698004/bed/cfDNA_patient_23_diagnosis.bed	TRUE	FALSE	""
cfDNA_patient_24_diagnosis	cfDNA	patient	24	diagnosis	/Users/chnqwe/Science/CVD/CVD_MS_5/submission/supp/intermediate_data/cohort_D/HNSCC_Zenodo_4698004/bed/cfDNA_patient_24_diagnosis.bed	TRUE	FALSE	""
cfDNA_patient_25_diagnosis	cfDNA	patient	25	diagnosis	/Users/chnqwe/Science/CVD/CVD_MS_5/submission/supp/intermediate_data/cohort_D/HNSCC_Zenodo_4698004/bed/cfDNA_patient_25_diagnosis.bed	TRUE	FALSE	""
cfDNA_patient_26_diagnosis	cfDNA	patient	26	diagnosis	/Users/chnqwe/Science/CVD/CVD_MS_5/submission/supp/intermediate_data/cohort_D/HNSCC_Zenodo_4698004/bed/cfDNA_patient_26_diagnosis.bed	TRUE	FALSE	""
cfDNA_patient_27_diagnosis	cfDNA	patient	27	diagnosis	/Users/chnqwe/Science/CVD/CVD_MS_5/submission/supp/intermediate_data/cohort_D/HNSCC_Zenodo_4698004/bed/cfDNA_patient_27_diagnosis.bed	TRUE	FALSE	""
cfDNA_patient_28_diagnosis	cfDNA	patient	28	diagnosis	/Users/chnqwe/Science/CVD/CVD_MS_5/submission/supp/intermediate_data/cohort_D/HNSCC_Zenodo_4698004/bed/cfDNA_patient_28_diagnosis.bed	TRUE	FALSE	""
cfDNA_patient_29_diagnosis	cfDNA	patient	29	diagnosis	/Users/chnqwe/Science/CVD/CVD_MS_5/submission/supp/intermediate_data/cohort_D/HNSCC_Zenodo_4698004/bed/cfDNA_patient_29_diagnosis.bed	TRUE	FALSE	""
cfDNA_patient_30_diagnosis	cfDNA	patient	30	diagnosis	/Users/chnqwe/Science/CVD/CVD_MS_5/submission/supp/intermediate_data/cohort_D/HNSCC_Zenodo_4698004/bed/cfDNA_patient_30_diagnosis.bed	TRUE	FALSE	""
