subject	cfDNA	PBL	spearman
control_1	cfDNA_control_1	PBL_control_1	0.785033132873772
control_2	cfDNA_control_2	PBL_control_2	0.79405525856207
control_3	cfDNA_control_3	PBL_control_3	0.792205941516895
control_4	cfDNA_control_4	PBL_control_4	0.691089875606115
control_5	cfDNA_control_5	PBL_control_5	0.795100648167174
control_6	cfDNA_control_6	PBL_control_6	0.741793245704642
control_7	cfDNA_control_7	PBL_control_7	0.8036811556914
control_8	cfDNA_control_8	PBL_control_8	0.835879703033173
control_9	cfDNA_control_9	PBL_control_9	0.785503419096506
control_10	cfDNA_control_10	PBL_control_10	0.780248263864261
control_11	cfDNA_control_11	PBL_control_11	0.825629515670955
control_12	cfDNA_control_12	PBL_control_12	0.822510354344507
control_13	cfDNA_control_13	PBL_control_13	0.778162889248549
control_14	cfDNA_control_14	PBL_control_14	0.826055817651703
control_15	cfDNA_control_15	PBL_control_15	0.829440176642259
control_16	cfDNA_control_16	PBL_control_16	0.793363515266357
control_17	cfDNA_control_17	PBL_control_17	0.788978908634004
control_18	cfDNA_control_18	PBL_control_18	0.797460299598735
control_19	cfDNA_control_19	PBL_control_19	0.825823885195191
patient_1_diagnosis	cfDNA_patient_1_diagnosis	PBL_patient_1_diagnosis	0.776581129378829
patient_2_diagnosis	cfDNA_patient_2_diagnosis	PBL_patient_2_diagnosis	0.757082525508158
patient_4_diagnosis	cfDNA_patient_4_diagnosis	PBL_patient_4_diagnosis	0.754324930975803
patient_5_diagnosis	cfDNA_patient_5_diagnosis	PBL_patient_5_diagnosis	0.794045476491642
patient_6_diagnosis	cfDNA_patient_6_diagnosis	PBL_patient_6_diagnosis	0.814222449077443
patient_7_diagnosis	cfDNA_patient_7_diagnosis	PBL_patient_7_diagnosis	0.804136630111704
patient_8_diagnosis	cfDNA_patient_8_diagnosis	PBL_patient_8_diagnosis	0.784703182461719
patient_9_diagnosis	cfDNA_patient_9_diagnosis	PBL_patient_9_diagnosis	0.823192564265157
patient_10_diagnosis	cfDNA_patient_10_diagnosis	PBL_patient_10_diagnosis	0.737730712777741
patient_11_diagnosis	cfDNA_patient_11_diagnosis	PBL_patient_11_diagnosis	0.818284728592544
patient_12_diagnosis	cfDNA_patient_12_diagnosis	PBL_patient_12_diagnosis	0.76767573826439
patient_13_diagnosis	cfDNA_patient_13_diagnosis	PBL_patient_13_diagnosis	0.754494453681024
patient_14_diagnosis	cfDNA_patient_14_diagnosis	PBL_patient_14_diagnosis	0.802823059316424
patient_15_diagnosis	cfDNA_patient_15_diagnosis	PBL_patient_15_diagnosis	0.83541263032663
patient_16_diagnosis	cfDNA_patient_16_diagnosis	PBL_patient_16_diagnosis	0.737253739274352
patient_17_diagnosis	cfDNA_patient_17_diagnosis	PBL_patient_17_diagnosis	0.820092190096674
patient_18_diagnosis	cfDNA_patient_18_diagnosis	PBL_patient_18_diagnosis	0.812169564538106
patient_19_diagnosis	cfDNA_patient_19_diagnosis	PBL_patient_19_diagnosis	0.815545154943355
patient_20_diagnosis	cfDNA_patient_20_diagnosis	PBL_patient_20_diagnosis	0.788181704733251
patient_21_diagnosis	cfDNA_patient_21_diagnosis	PBL_patient_21_diagnosis	0.824432825032818
patient_22_diagnosis	cfDNA_patient_22_diagnosis	PBL_patient_22_diagnosis	0.693489664634301
patient_23_diagnosis	cfDNA_patient_23_diagnosis	PBL_patient_23_diagnosis	0.806350901509979
patient_24_diagnosis	cfDNA_patient_24_diagnosis	PBL_patient_24_diagnosis	0.805034010895155
patient_25_diagnosis	cfDNA_patient_25_diagnosis	PBL_patient_25_diagnosis	0.797927589733597
patient_26_diagnosis	cfDNA_patient_26_diagnosis	PBL_patient_26_diagnosis	0.766079350192982
patient_27_diagnosis	cfDNA_patient_27_diagnosis	PBL_patient_27_diagnosis	0.831297572073606
patient_28_diagnosis	cfDNA_patient_28_diagnosis	PBL_patient_28_diagnosis	0.824205515613766
patient_29_diagnosis	cfDNA_patient_29_diagnosis	PBL_patient_29_diagnosis	0.79122542157992
patient_30_diagnosis	cfDNA_patient_30_diagnosis	PBL_patient_30_diagnosis	0.798298690340311
