sample_id	material	group	PC1	PC2	PC1_variance_fraction	PC2_variance_fraction
cfDNA_control_1	cfDNA	healthy	-460.9246577826	-570.846996752779	0.541459742286984	0.0643546226758345
cfDNA_control_2	cfDNA	healthy	-38.5022523615535	-246.105079795223	0.541459742286984	0.0643546226758345
cfDNA_control_3	cfDNA	healthy	-371.356872507258	57.7296930503402	0.541459742286984	0.0643546226758345
cfDNA_control_4	cfDNA	healthy	-589.733288015875	178.334774129844	0.541459742286984	0.0643546226758345
cfDNA_control_5	cfDNA	healthy	664.880309537623	142.243159742025	0.541459742286984	0.0643546226758345
cfDNA_control_6	cfDNA	healthy	-1836.58930305213	271.939639874698	0.541459742286984	0.0643546226758345
cfDNA_control_7	cfDNA	healthy	325.098329226713	117.418195850297	0.541459742286984	0.0643546226758345
cfDNA_control_8	cfDNA	healthy	326.45905259736	-150.711241598838	0.541459742286984	0.0643546226758345
cfDNA_control_9	cfDNA	healthy	404.254266844955	312.236042747053	0.541459742286984	0.0643546226758345
cfDNA_control_10	cfDNA	healthy	-37.3310804858918	240.48405467486	0.541459742286984	0.0643546226758345
cfDNA_control_11	cfDNA	healthy	487.778322122609	-230.963227877602	0.541459742286984	0.0643546226758345
cfDNA_control_12	cfDNA	healthy	301.45403347848	-218.188431682226	0.541459742286984	0.0643546226758345
cfDNA_control_13	cfDNA	healthy	467.887786234407	14.2101431074607	0.541459742286984	0.0643546226758345
cfDNA_control_14	cfDNA	healthy	679.226906692251	-154.832436810876	0.541459742286984	0.0643546226758345
cfDNA_control_15	cfDNA	healthy	68.7874681335087	-180.72093461044	0.541459742286984	0.0643546226758345
cfDNA_control_16	cfDNA	healthy	701.529400967844	187.604049640586	0.541459742286984	0.0643546226758345
cfDNA_control_17	cfDNA	healthy	-420.68753242076	-229.033814670518	0.541459742286984	0.0643546226758345
cfDNA_control_18	cfDNA	healthy	17.5147497133205	-46.6972748407222	0.541459742286984	0.0643546226758345
cfDNA_control_19	cfDNA	healthy	353.799810021215	-2.83281671898604	0.541459742286984	0.0643546226758345
cfDNA_control_20	cfDNA	healthy	-362.515273629288	-19.2975323533572	0.541459742286984	0.0643546226758345
cfDNA_patient_1_diagnosis	cfDNA	HNSCC	-968.315211110942	-17.3896875528609	0.541459742286984	0.0643546226758345
cfDNA_patient_2_diagnosis	cfDNA	HNSCC	-819.150481571588	241.94746822417	0.541459742286984	0.0643546226758345
cfDNA_patient_3_BL	cfDNA	HNSCC	298.367738612208	62.504029089208	0.541459742286984	0.0643546226758345
cfDNA_patient_4_diagnosis	cfDNA	HNSCC	-967.140653875403	152.546596543493	0.541459742286984	0.0643546226758345
cfDNA_patient_5_diagnosis	cfDNA	HNSCC	-668.986358650499	168.853248764893	0.541459742286984	0.0643546226758345
cfDNA_patient_6_diagnosis	cfDNA	HNSCC	3.12780905267089	113.448999007476	0.541459742286984	0.0643546226758345
cfDNA_patient_7_diagnosis	cfDNA	HNSCC	-369.033213419616	-60.4896770663871	0.541459742286984	0.0643546226758345
cfDNA_patient_8_diagnosis	cfDNA	HNSCC	37.1709466441601	91.3156006674104	0.541459742286984	0.0643546226758345
cfDNA_patient_9_diagnosis	cfDNA	HNSCC	-361.402437188525	-116.824638647462	0.541459742286984	0.0643546226758345
cfDNA_patient_10_diagnosis	cfDNA	HNSCC	-1249.54849211627	38.4371986082779	0.541459742286984	0.0643546226758345
cfDNA_patient_11_diagnosis	cfDNA	HNSCC	804.797845252256	-72.5246773912836	0.541459742286984	0.0643546226758345
cfDNA_patient_12_diagnosis	cfDNA	HNSCC	540.731990767237	37.3486247363199	0.541459742286984	0.0643546226758345
cfDNA_patient_13_diagnosis	cfDNA	HNSCC	-239.962784325946	232.946091774625	0.541459742286984	0.0643546226758345
cfDNA_patient_14_diagnosis	cfDNA	HNSCC	-385.909824503317	-160.532844961962	0.541459742286984	0.0643546226758345
cfDNA_patient_15_diagnosis	cfDNA	HNSCC	490.42890107979	-196.253148356429	0.541459742286984	0.0643546226758345
cfDNA_patient_16_diagnosis	cfDNA	HNSCC	-543.923035088476	128.80341106568	0.541459742286984	0.0643546226758345
cfDNA_patient_17_diagnosis	cfDNA	HNSCC	1275.2231501733	-316.190786633197	0.541459742286984	0.0643546226758345
cfDNA_patient_18_diagnosis	cfDNA	HNSCC	38.889893417918	-206.131182712193	0.541459742286984	0.0643546226758345
cfDNA_patient_19_diagnosis	cfDNA	HNSCC	319.802169219566	28.83198740743	0.541459742286984	0.0643546226758345
cfDNA_patient_20_diagnosis	cfDNA	HNSCC	-716.726300240291	-589.084196973782	0.541459742286984	0.0643546226758345
cfDNA_patient_21_diagnosis	cfDNA	HNSCC	-186.097161550533	-223.32992853795	0.541459742286984	0.0643546226758345
cfDNA_patient_22_diagnosis	cfDNA	HNSCC	962.111961853117	552.995947937304	0.541459742286984	0.0643546226758345
cfDNA_patient_23_diagnosis	cfDNA	HNSCC	498.605247132996	94.6100837311323	0.541459742286984	0.0643546226758345
cfDNA_patient_24_diagnosis	cfDNA	HNSCC	-659.672354365599	-75.9935517820419	0.541459742286984	0.0643546226758345
cfDNA_patient_25_diagnosis	cfDNA	HNSCC	89.9992350753579	176.388477391321	0.541459742286984	0.0643546226758345
cfDNA_patient_26_diagnosis	cfDNA	HNSCC	-180.663045399886	166.165133964771	0.541459742286984	0.0643546226758345
cfDNA_patient_27_diagnosis	cfDNA	HNSCC	473.370194961585	10.251223202696	0.541459742286984	0.0643546226758345
cfDNA_patient_28_diagnosis	cfDNA	HNSCC	774.302787756733	-52.477068008485	0.541459742286984	0.0643546226758345
cfDNA_patient_29_diagnosis	cfDNA	HNSCC	622.764002721098	184.813825581965	0.541459742286984	0.0643546226758345
cfDNA_patient_30_diagnosis	cfDNA	HNSCC	405.807304372025	133.043475820234	0.541459742286984	0.0643546226758345
PBL_control_1	PBL	healthy	-247.808292316174	42.1441740228698	0.532364053430372	0.0284068550096282
PBL_control_2	PBL	healthy	63.6576436632011	-104.162478569814	0.532364053430372	0.0284068550096282
PBL_control_3	PBL	healthy	86.0845440916778	34.426054668138	0.532364053430372	0.0284068550096282
PBL_control_4	PBL	healthy	2972.04157944832	-44.6197803255479	0.532364053430372	0.0284068550096282
PBL_control_5	PBL	healthy	74.774237823419	-40.2866377153287	0.532364053430372	0.0284068550096282
PBL_control_6	PBL	healthy	-580.163802139969	71.4713557251211	0.532364053430372	0.0284068550096282
PBL_control_7	PBL	healthy	444.913435597039	16.936892312924	0.532364053430372	0.0284068550096282
PBL_control_8	PBL	healthy	50.1477402222991	-18.9988555520854	0.532364053430372	0.0284068550096282
PBL_control_9	PBL	healthy	-926.04663725701	34.3510153454017	0.532364053430372	0.0284068550096282
PBL_control_10	PBL	healthy	-66.1890812515474	-47.6486469373189	0.532364053430372	0.0284068550096282
PBL_control_11	PBL	healthy	184.571153886072	38.3206578995607	0.532364053430372	0.0284068550096282
PBL_control_12	PBL	healthy	-189.661657937686	39.5542105621849	0.532364053430372	0.0284068550096282
PBL_control_13	PBL	healthy	607.007015244064	42.9119385179926	0.532364053430372	0.0284068550096282
PBL_control_14	PBL	healthy	-216.405796763369	138.594979794152	0.532364053430372	0.0284068550096282
PBL_control_15	PBL	healthy	-204.393107800411	-12.9928171845852	0.532364053430372	0.0284068550096282
PBL_control_16	PBL	healthy	312.938627681873	80.4277012318546	0.532364053430372	0.0284068550096282
PBL_control_17	PBL	healthy	1410.48737044948	58.4447003870254	0.532364053430372	0.0284068550096282
PBL_control_18	PBL	healthy	-345.016353764222	162.029562632417	0.532364053430372	0.0284068550096282
PBL_control_19	PBL	healthy	-517.898324947576	153.275137732707	0.532364053430372	0.0284068550096282
PBL_patient_1_diagnosis	PBL	HNSCC	99.2985587471482	-398.758583816763	0.532364053430372	0.0284068550096282
PBL_patient_2_diagnosis	PBL	HNSCC	-155.631039814475	-371.145680211015	0.532364053430372	0.0284068550096282
PBL_patient_3_diagnosis	PBL	HNSCC	-173.971606860844	15.5777926916627	0.532364053430372	0.0284068550096282
PBL_patient_4_diagnosis	PBL	HNSCC	-511.670687646377	-351.843577451458	0.532364053430372	0.0284068550096282
PBL_patient_5_diagnosis	PBL	HNSCC	-319.622683585777	-45.3882326635378	0.532364053430372	0.0284068550096282
PBL_patient_6_diagnosis	PBL	HNSCC	6.92145049288615	-10.1729056296577	0.532364053430372	0.0284068550096282
PBL_patient_7_diagnosis	PBL	HNSCC	2.89510237663212	27.9463755530051	0.532364053430372	0.0284068550096282
PBL_patient_8_diagnosis	PBL	HNSCC	-119.728025013845	-332.394231221497	0.532364053430372	0.0284068550096282
PBL_patient_9_diagnosis	PBL	HNSCC	-591.900825559859	-301.930506051606	0.532364053430372	0.0284068550096282
PBL_patient_10_diagnosis	PBL	HNSCC	183.90504218831	-275.893288192227	0.532364053430372	0.0284068550096282
PBL_patient_11_diagnosis	PBL	HNSCC	261.462716473378	98.1285361102113	0.532364053430372	0.0284068550096282
PBL_patient_12_diagnosis	PBL	HNSCC	359.169903905787	145.091056519619	0.532364053430372	0.0284068550096282
PBL_patient_13_diagnosis	PBL	HNSCC	-681.181550766751	115.032539502054	0.532364053430372	0.0284068550096282
PBL_patient_14_diagnosis	PBL	HNSCC	-395.309557980219	67.8759995980862	0.532364053430372	0.0284068550096282
PBL_patient_15_diagnosis	PBL	HNSCC	-311.871509836724	-37.5621136130196	0.532364053430372	0.0284068550096282
PBL_patient_16_diagnosis	PBL	HNSCC	103.812744907682	73.885387077862	0.532364053430372	0.0284068550096282
PBL_patient_17_diagnosis	PBL	HNSCC	-854.485812313353	77.2640437480663	0.532364053430372	0.0284068550096282
PBL_patient_18_diagnosis	PBL	HNSCC	-53.8115852550565	28.120020760578	0.532364053430372	0.0284068550096282
PBL_patient_19_diagnosis	PBL	HNSCC	348.550376115064	128.950972510366	0.532364053430372	0.0284068550096282
PBL_patient_20_diagnosis	PBL	HNSCC	-241.197072915595	50.8902850771916	0.532364053430372	0.0284068550096282
PBL_patient_21_diagnosis	PBL	HNSCC	211.625381838839	108.5271201492	0.532364053430372	0.0284068550096282
PBL_patient_22_diagnosis	PBL	HNSCC	-291.389554948817	39.6569169590506	0.532364053430372	0.0284068550096282
PBL_patient_23_diagnosis	PBL	HNSCC	-194.658831386619	-0.0403479132439745	0.532364053430372	0.0284068550096282
PBL_patient_24_diagnosis	PBL	HNSCC	41.4309837307229	59.9429722278104	0.532364053430372	0.0284068550096282
PBL_patient_25_diagnosis	PBL	HNSCC	-144.037896324903	138.967034389061	0.532364053430372	0.0284068550096282
PBL_patient_26_diagnosis	PBL	HNSCC	444.625871822009	-2.33287525966741	0.532364053430372	0.0284068550096282
PBL_patient_27_diagnosis	PBL	HNSCC	-1045.15954833332	146.369513116965	0.532364053430372	0.0284068550096282
PBL_patient_28_diagnosis	PBL	HNSCC	524.270025389685	25.494744183138	0.532364053430372	0.0284068550096282
PBL_patient_29_diagnosis	PBL	HNSCC	552.694590392267	96.4620253933811	0.532364053430372	0.0284068550096282
PBL_patient_30_diagnosis	PBL	HNSCC	31.9247462327164	39.099841908723	0.532364053430372	0.0284068550096282
