sample_id	material	group	mean_log2	median_log2	nonzero_fraction	total_signal
cfDNA_control_1	cfDNA	healthy	4.97947772359113	4.95419631038688	0.999368217367223	28761453
cfDNA_control_2	cfDNA	healthy	5.2320674326811	5.20945336562895	0.999549536149724	31907419
cfDNA_control_3	cfDNA	healthy	5.061958224404	5.04439411935845	0.999386632556071	27420911
cfDNA_control_4	cfDNA	healthy	4.95233611770706	4.95419631038688	0.999164233736909	25269098
cfDNA_control_5	cfDNA	healthy	5.65540987013624	5.6724253419715	0.999473042288356	41012511
cfDNA_control_6	cfDNA	healthy	4.24532257180842	4.24792751344359	0.999117487488296	15328417
cfDNA_control_7	cfDNA	healthy	5.45528001588672	5.4594316186373	0.999596282398338	35910653
cfDNA_control_8	cfDNA	healthy	5.45040549209233	5.4262647547021	0.999454627099509	36417581
cfDNA_control_9	cfDNA	healthy	5.51061293449828	5.52356195605701	0.999409297403883	36017457
cfDNA_control_10	cfDNA	healthy	5.27501276422462	5.28540221886225	0.999446127781579	30929428
cfDNA_control_11	cfDNA	healthy	5.5332328851664	5.52356195605701	0.999380966344118	39647913
cfDNA_control_12	cfDNA	healthy	5.43045088959066	5.4262647547021	0.999431962251696	36415804
cfDNA_control_13	cfDNA	healthy	5.52480594425054	5.52356195605701	0.999468792629392	38898950
cfDNA_control_14	cfDNA	healthy	5.65003867504068	5.64385618977472	0.999484374712263	42001357
cfDNA_control_15	cfDNA	healthy	5.29853519210049	5.28540221886225	0.999344135966422	33131445
cfDNA_control_16	cfDNA	healthy	5.67966960710061	5.6724253419715	0.999504206454099	41346107
cfDNA_control_17	cfDNA	healthy	5.0123831363392	5	0.99929597316482	27555921
cfDNA_control_18	cfDNA	healthy	5.27792756100674	5.24792751344359	0.999399381532965	32212002
cfDNA_control_19	cfDNA	healthy	5.47184701034271	5.4594316186373	0.999402214638942	36686446
cfDNA_control_20	cfDNA	healthy	5.08010608660766	5.08746284125034	0.999541036831794	28853981
cfDNA_patient_1_diagnosis	cfDNA	HNSCC	4.73103975831682	4.70043971814109	0.999382382897106	22337881
cfDNA_patient_2_diagnosis	cfDNA	HNSCC	4.81971043356624	4.8073549220576	0.999433378804684	23054971
cfDNA_patient_3_BL	cfDNA	HNSCC	5.4445198378465	5.4594316186373	0.99940363119193	35565436
cfDNA_patient_4_diagnosis	cfDNA	HNSCC	4.73626804420966	4.75488750216347	0.999346969072399	21924635
cfDNA_patient_5_diagnosis	cfDNA	HNSCC	4.88953070438359	4.90689059560852	0.999392298768024	24224374
cfDNA_patient_6_diagnosis	cfDNA	HNSCC	5.27675607482256	5.28540221886225	0.999454627099509	31472090
cfDNA_patient_7_diagnosis	cfDNA	HNSCC	5.05769004270288	5.04439411935845	0.999375300132164	27616370
cfDNA_patient_8_diagnosis	cfDNA	HNSCC	5.29601019136538	5.28540221886225	0.999440461569626	32221098
cfDNA_patient_9_diagnosis	cfDNA	HNSCC	5.05403167843811	5.04439411935845	0.999672776259705	27805547
cfDNA_patient_10_diagnosis	cfDNA	HNSCC	4.57507759210729	4.58496250072116	0.999247810363218	20196231
cfDNA_patient_11_diagnosis	cfDNA	HNSCC	5.72702940838313	5.7279204545632	0.999422046380778	44835666
cfDNA_patient_12_diagnosis	cfDNA	HNSCC	5.56905683125167	5.55458885167764	0.999426296039743	39751273
cfDNA_patient_13_diagnosis	cfDNA	HNSCC	5.15225960610697	5.16992500144231	0.999424879486754	28867145
cfDNA_patient_14_diagnosis	cfDNA	HNSCC	5.03437915467976	5.04439411935845	0.999366800814235	27639391
cfDNA_patient_15_diagnosis	cfDNA	HNSCC	5.53361615856667	5.52356195605701	0.999512705772028	39363589
cfDNA_patient_16_diagnosis	cfDNA	HNSCC	4.9614121846586	4.95419631038688	0.999322887671598	26789590
cfDNA_patient_17_diagnosis	cfDNA	HNSCC	5.97470859443195	5.97727992349992	0.999413547062848	54987805
cfDNA_patient_18_diagnosis	cfDNA	HNSCC	5.2804343312947	5.28540221886225	0.999389465662047	33072657
cfDNA_patient_19_diagnosis	cfDNA	HNSCC	5.45755242623354	5.4594316186373	0.999487207818239	35990436
cfDNA_patient_20_diagnosis	cfDNA	HNSCC	4.83615704584777	4.8073549220576	0.999474458841345	25962938
cfDNA_patient_21_diagnosis	cfDNA	HNSCC	5.14807922152513	5.12928301694497	0.999332803542516	30107865
cfDNA_patient_22_diagnosis	cfDNA	HNSCC	5.86083947383975	5.88264304936184	0.999491457477204	44947074
cfDNA_patient_23_diagnosis	cfDNA	HNSCC	5.56125024795592	5.55458885167764	0.999597698951326	38561901
cfDNA_patient_24_diagnosis	cfDNA	HNSCC	4.90666689061847	4.90689059560852	0.999480125053298	25233563
cfDNA_patient_25_diagnosis	cfDNA	HNSCC	5.34651380186978	5.32192809488736	0.999484374712263	32959213
cfDNA_patient_26_diagnosis	cfDNA	HNSCC	5.17804747446619	5.16992500144231	0.999402214638942	29286693
cfDNA_patient_27_diagnosis	cfDNA	HNSCC	5.54457426163292	5.52356195605701	0.999436211910661	38388028
cfDNA_patient_28_diagnosis	cfDNA	HNSCC	5.70944428773947	5.70043971814109	0.999430545698708	43840843
cfDNA_patient_29_diagnosis	cfDNA	HNSCC	5.6282959775076	5.64385618977472	0.999497123689157	40179174
cfDNA_patient_30_diagnosis	cfDNA	HNSCC	5.50162314240667	5.49185309632968	0.999507039560075	37305464
PBL_control_1	PBL	healthy	4.83748337735363	4.85798099512757	0.999433378804684	23023465
PBL_control_2	PBL	healthy	4.62922395989485	4.64385618977472	0.998994247378315	21424243
PBL_control_3	PBL	healthy	4.64783884125347	4.64385618977472	0.99936255115527	20172742
PBL_control_4	PBL	healthy	3.00849622493887	3	0.987622159988328	6301327
PBL_control_5	PBL	healthy	4.64930752452653	4.64385618977472	0.999334220095504	20434072
PBL_control_6	PBL	healthy	5.0212554891325	5.04439411935845	0.999430545698708	26377485
PBL_control_7	PBL	healthy	4.43362298093486	4.4594316186373	0.999222312409429	17853499
PBL_control_8	PBL	healthy	4.64053890503787	4.64385618977472	0.999150068207026	21260634
PBL_control_9	PBL	healthy	5.22479334757372	5.20945336562895	0.999593449292361	30114632
PBL_control_10	PBL	healthy	4.73078695965789	4.75488750216347	0.999344135966422	21612378
PBL_control_11	PBL	healthy	4.58823365134084	4.58496250072116	0.999334220095504	19511488
PBL_control_12	PBL	healthy	4.80217495920667	4.8073549220576	0.999382382897106	22559526
PBL_control_13	PBL	healthy	4.35281485422694	4.39231742277876	0.999252060022183	16421871
PBL_control_14	PBL	healthy	4.81767834665359	4.8073549220576	0.999389465662047	22756654
PBL_control_15	PBL	healthy	4.80913342933679	4.8073549220576	0.999385216003082	22864566
PBL_control_16	PBL	healthy	4.48871756980445	4.4594316186373	0.999168483395874	19544660
PBL_control_17	PBL	healthy	3.88882145816994	3.90689059560852	0.998312885390947	12071634
PBL_control_18	PBL	healthy	4.88024396596175	4.90689059560852	0.999410713956872	24348290
PBL_control_19	PBL	healthy	4.97729165730769	5	0.999414963615837	26080661
PBL_patient_1_diagnosis	PBL	HNSCC	4.64444864988394	4.64385618977472	0.999294556611832	20944501
PBL_patient_2_diagnosis	PBL	HNSCC	4.79742707224029	4.8073549220576	0.999488624371228	22902049
PBL_patient_3_diagnosis	PBL	HNSCC	4.78909718475318	4.8073549220576	0.999399381532965	22588813
PBL_patient_4_diagnosis	PBL	HNSCC	4.99723135396746	5	0.999396548426989	26402785
PBL_patient_5_diagnosis	PBL	HNSCC	4.87012772445713	4.85798099512757	0.999372467026188	24099746
PBL_patient_6_diagnosis	PBL	HNSCC	4.68760544326677	4.70043971814109	0.999327137330562	20996537
PBL_patient_7_diagnosis	PBL	HNSCC	4.68987149663706	4.70043971814109	0.999356884943317	20995507
PBL_patient_8_diagnosis	PBL	HNSCC	4.77458973275174	4.75488750216347	0.999361134602282	22571914
PBL_patient_9_diagnosis	PBL	HNSCC	5.03900234941724	5.04439411935845	0.999416380168825	27353883
PBL_patient_10_diagnosis	PBL	HNSCC	4.59396105677632	4.58496250072116	0.999291723505855	20068679
PBL_patient_11_diagnosis	PBL	HNSCC	4.52860159691683	4.52356195605701	0.999240727598277	19347659
PBL_patient_12_diagnosis	PBL	HNSCC	4.47884391534808	4.4594316186373	0.99918831513771	18439387
PBL_patient_13_diagnosis	PBL	HNSCC	5.06954496455662	5.08746284125034	0.99941213050986	27798717
PBL_patient_14_diagnosis	PBL	HNSCC	4.90516578746984	4.90689059560852	0.99936255115527	25011495
PBL_patient_15_diagnosis	PBL	HNSCC	4.86108791396597	4.85798099512757	0.999388049109059	24259875
PBL_patient_16_diagnosis	PBL	HNSCC	4.62759409779982	4.64385618977472	0.999356884943317	20279014
PBL_patient_17_diagnosis	PBL	HNSCC	5.16727053507546	5.16992500144231	0.999413547062848	29765431
PBL_patient_18_diagnosis	PBL	HNSCC	4.72272460037904	4.75488750216347	0.999365384261246	21516952
PBL_patient_19_diagnosis	PBL	HNSCC	4.48419599941657	4.52356195605701	0.999172733054839	18480305
PBL_patient_20_diagnosis	PBL	HNSCC	4.82345552314685	4.8073549220576	0.999423462933766	23383250
PBL_patient_21_diagnosis	PBL	HNSCC	4.55983474348224	4.58496250072116	0.999144401995073	19580771
PBL_patient_22_diagnosis	PBL	HNSCC	4.84993534425108	4.85798099512757	0.999393715321012	23887445
PBL_patient_23_diagnosis	PBL	HNSCC	4.79322104164997	4.8073549220576	0.999344135966422	23210448
PBL_patient_24_diagnosis	PBL	HNSCC	4.65454150765299	4.64385618977472	0.999239311045289	21075246
PBL_patient_25_diagnosis	PBL	HNSCC	4.76448554396734	4.75488750216347	0.999358301496305	22519906
PBL_patient_26_diagnosis	PBL	HNSCC	4.41824075705867	4.4594316186373	0.998795929959954	18012658
PBL_patient_27_diagnosis	PBL	HNSCC	5.27502529960723	5.28540221886225	0.999426296039743	31949034
PBL_patient_28_diagnosis	PBL	HNSCC	4.38610600625294	4.39231742277876	0.99908915642853	17319071
PBL_patient_29_diagnosis	PBL	HNSCC	4.37796144698124	4.39231742277876	0.999148651654038	16853090
PBL_patient_30_diagnosis	PBL	HNSCC	4.66551592617571	4.64385618977472	0.999335636648492	21157568
