geo_accession	title	subject_proxy	assay_inferred	characteristics	sra_accession	bed_url	relation	candidate_subject	collapse_status	primary_eligible	adjudication	adjudication_basis
GSM7788592	mAMP11_2	mAMP11_2	MeDIP	cell type: Colorectal; chip antibody: MeDIP		ftp://ftp.ncbi.nlm.nih.gov/geo/samples/GSM7788nnn/GSM7788592/suppl/GSM7788592_mAMP11_2.bed.gz		mAMP11_2	KEEP_PROXY_BASELINE	YES	KEEP_BASELINE	Title proxy baseline
GSM7788593	mAMP13_2	mAMP13_2	MeDIP	cell type: Colorectal; chip antibody: MeDIP		ftp://ftp.ncbi.nlm.nih.gov/geo/samples/GSM7788nnn/GSM7788593/suppl/GSM7788593_mAMP13_2.bed.gz		mAMP13_2	KEEP_PROXY_BASELINE	YES	KEEP_BASELINE	Title proxy baseline
GSM7788594	mAMP16_2	mAMP16_2	MeDIP	cell type: Colorectal; chip antibody: MeDIP		ftp://ftp.ncbi.nlm.nih.gov/geo/samples/GSM7788nnn/GSM7788594/suppl/GSM7788594_mAMP16_2.bed.gz		mAMP16_2	KEEP_PROXY_BASELINE	YES	KEEP_BASELINE	Title proxy baseline
GSM7788595	mAMP20_2	mAMP20_2	MeDIP	cell type: Colorectal; chip antibody: MeDIP		ftp://ftp.ncbi.nlm.nih.gov/geo/samples/GSM7788nnn/GSM7788595/suppl/GSM7788595_mAMP20_2.bed.gz		mAMP20_2	KEEP_PROXY_BASELINE	YES	KEEP_BASELINE	Title proxy baseline
GSM7788596	mAMP28_2	mAMP28_2	MeDIP	cell type: Colorectal; chip antibody: MeDIP		ftp://ftp.ncbi.nlm.nih.gov/geo/samples/GSM7788nnn/GSM7788596/suppl/GSM7788596_mAMP28_2.bed.gz		mAMP28_2	KEEP_PROXY_BASELINE	YES	KEEP_BASELINE	Title proxy baseline
GSM7788597	mAMP31_2	mAMP31_2	MeDIP	cell type: Colorectal; chip antibody: MeDIP		ftp://ftp.ncbi.nlm.nih.gov/geo/samples/GSM7788nnn/GSM7788597/suppl/GSM7788597_mAMP31_2.bed.gz		mAMP31_2	KEEP_PROXY_BASELINE	YES	KEEP_BASELINE	Title proxy baseline
GSM7788607	MBC033a	MBC033	MeDIP	cell type: Breast; chip antibody: MeDIP		ftp://ftp.ncbi.nlm.nih.gov/geo/samples/GSM7788nnn/GSM7788607/suppl/GSM7788607_MBC033a.bed.gz		MBC033	KEEP_PROXY_BASELINE	YES	KEEP_BASELINE	Title proxy baseline
GSM7788608	MBC033b	MBC033	MeDIP	cell type: Breast; chip antibody: MeDIP		ftp://ftp.ncbi.nlm.nih.gov/geo/samples/GSM7788nnn/GSM7788608/suppl/GSM7788608_MBC033b.bed.gz		MBC033	DUPLICATE_OR_REPEAT_REVIEW	NO	EXCLUDE_REPLICATE_B_SUFFIX	Title proxy: b suffix denotes paired replicate; retain lexicographically first accession
GSM7788609	MBC088a	MBC088	MeDIP	cell type: Breast; chip antibody: MeDIP		ftp://ftp.ncbi.nlm.nih.gov/geo/samples/GSM7788nnn/GSM7788609/suppl/GSM7788609_MBC088a.bed.gz		MBC088	KEEP_PROXY_BASELINE	YES	KEEP_BASELINE	Title proxy baseline
GSM7788610	MBC088b	MBC088	MeDIP	cell type: Breast; chip antibody: MeDIP		ftp://ftp.ncbi.nlm.nih.gov/geo/samples/GSM7788nnn/GSM7788610/suppl/GSM7788610_MBC088b.bed.gz		MBC088	DUPLICATE_OR_REPEAT_REVIEW	NO	EXCLUDE_REPLICATE_B_SUFFIX	Title proxy: b suffix denotes paired replicate; retain lexicographically first accession
GSM7788611	MBC103a	MBC103	MeDIP	cell type: Breast; chip antibody: MeDIP		ftp://ftp.ncbi.nlm.nih.gov/geo/samples/GSM7788nnn/GSM7788611/suppl/GSM7788611_MBC103a.bed.gz		MBC103	KEEP_PROXY_BASELINE	YES	KEEP_BASELINE	Title proxy baseline
GSM7788612	MBC103b	MBC103	MeDIP	cell type: Breast; chip antibody: MeDIP		ftp://ftp.ncbi.nlm.nih.gov/geo/samples/GSM7788nnn/GSM7788612/suppl/GSM7788612_MBC103b.bed.gz		MBC103	DUPLICATE_OR_REPEAT_REVIEW	NO	EXCLUDE_REPLICATE_B_SUFFIX	Title proxy: b suffix denotes paired replicate; retain lexicographically first accession
GSM7788613	MBC225a	MBC225	MeDIP	cell type: Breast; chip antibody: MeDIP		ftp://ftp.ncbi.nlm.nih.gov/geo/samples/GSM7788nnn/GSM7788613/suppl/GSM7788613_MBC225a.bed.gz		MBC225	KEEP_PROXY_BASELINE	YES	KEEP_BASELINE	Title proxy baseline
GSM7788614	MBC225b	MBC225	MeDIP	cell type: Breast; chip antibody: MeDIP		ftp://ftp.ncbi.nlm.nih.gov/geo/samples/GSM7788nnn/GSM7788614/suppl/GSM7788614_MBC225b.bed.gz		MBC225	DUPLICATE_OR_REPEAT_REVIEW	NO	EXCLUDE_REPLICATE_B_SUFFIX	Title proxy: b suffix denotes paired replicate; retain lexicographically first accession
GSM7788615	MBC287a	MBC287	MeDIP	cell type: Breast; chip antibody: MeDIP		ftp://ftp.ncbi.nlm.nih.gov/geo/samples/GSM7788nnn/GSM7788615/suppl/GSM7788615_MBC287a.bed.gz		MBC287	KEEP_PROXY_BASELINE	YES	KEEP_BASELINE	Title proxy baseline
GSM7788616	MBC287b	MBC287	MeDIP	cell type: Breast; chip antibody: MeDIP		ftp://ftp.ncbi.nlm.nih.gov/geo/samples/GSM7788nnn/GSM7788616/suppl/GSM7788616_MBC287b.bed.gz		MBC287	DUPLICATE_OR_REPEAT_REVIEW	NO	EXCLUDE_REPLICATE_B_SUFFIX	Title proxy: b suffix denotes paired replicate; retain lexicographically first accession
GSM7788617	MBC320a	MBC320	MeDIP	cell type: Breast; chip antibody: MeDIP		ftp://ftp.ncbi.nlm.nih.gov/geo/samples/GSM7788nnn/GSM7788617/suppl/GSM7788617_MBC320a.bed.gz		MBC320	KEEP_PROXY_BASELINE	YES	KEEP_BASELINE	Title proxy baseline
GSM7788618	MBC320b	MBC320	MeDIP	cell type: Breast; chip antibody: MeDIP		ftp://ftp.ncbi.nlm.nih.gov/geo/samples/GSM7788nnn/GSM7788618/suppl/GSM7788618_MBC320b.bed.gz		MBC320	DUPLICATE_OR_REPEAT_REVIEW	NO	EXCLUDE_REPLICATE_B_SUFFIX	Title proxy: b suffix denotes paired replicate; retain lexicographically first accession
GSM7788619	MBC509a	MBC509	MeDIP	cell type: Breast; chip antibody: MeDIP		ftp://ftp.ncbi.nlm.nih.gov/geo/samples/GSM7788nnn/GSM7788619/suppl/GSM7788619_MBC509a.bed.gz		MBC509	KEEP_PROXY_BASELINE	YES	KEEP_BASELINE	Title proxy baseline
GSM7788620	MBC509b	MBC509	MeDIP	cell type: Breast; chip antibody: MeDIP		ftp://ftp.ncbi.nlm.nih.gov/geo/samples/GSM7788nnn/GSM7788620/suppl/GSM7788620_MBC509b.bed.gz		MBC509	DUPLICATE_OR_REPEAT_REVIEW	NO	EXCLUDE_REPLICATE_B_SUFFIX	Title proxy: b suffix denotes paired replicate; retain lexicographically first accession
GSM7788621	MBC541a	MBC541	MeDIP	cell type: Breast; chip antibody: MeDIP		ftp://ftp.ncbi.nlm.nih.gov/geo/samples/GSM7788nnn/GSM7788621/suppl/GSM7788621_MBC541a.bed.gz		MBC541	KEEP_PROXY_BASELINE	YES	KEEP_BASELINE	Title proxy baseline
GSM7788622	MBC541b	MBC541	MeDIP	cell type: Breast; chip antibody: MeDIP		ftp://ftp.ncbi.nlm.nih.gov/geo/samples/GSM7788nnn/GSM7788622/suppl/GSM7788622_MBC541b.bed.gz		MBC541	DUPLICATE_OR_REPEAT_REVIEW	NO	EXCLUDE_REPLICATE_B_SUFFIX	Title proxy: b suffix denotes paired replicate; retain lexicographically first accession
GSM7788623	MBC548a	MBC548	MeDIP	cell type: Breast; chip antibody: MeDIP		ftp://ftp.ncbi.nlm.nih.gov/geo/samples/GSM7788nnn/GSM7788623/suppl/GSM7788623_MBC548a.bed.gz		MBC548	KEEP_PROXY_BASELINE	YES	KEEP_BASELINE	Title proxy baseline
GSM7788624	MBC548b	MBC548	MeDIP	cell type: Breast; chip antibody: MeDIP		ftp://ftp.ncbi.nlm.nih.gov/geo/samples/GSM7788nnn/GSM7788624/suppl/GSM7788624_MBC548b.bed.gz		MBC548	DUPLICATE_OR_REPEAT_REVIEW	NO	EXCLUDE_REPLICATE_B_SUFFIX	Title proxy: b suffix denotes paired replicate; retain lexicographically first accession
GSM7788625	MBC729a	MBC729	MeDIP	cell type: Breast; chip antibody: MeDIP		ftp://ftp.ncbi.nlm.nih.gov/geo/samples/GSM7788nnn/GSM7788625/suppl/GSM7788625_MBC729a.bed.gz		MBC729	KEEP_PROXY_BASELINE	YES	KEEP_BASELINE	Title proxy baseline
GSM7788626	MBC729b	MBC729	MeDIP	cell type: Breast; chip antibody: MeDIP		ftp://ftp.ncbi.nlm.nih.gov/geo/samples/GSM7788nnn/GSM7788626/suppl/GSM7788626_MBC729b.bed.gz		MBC729	DUPLICATE_OR_REPEAT_REVIEW	NO	EXCLUDE_REPLICATE_B_SUFFIX	Title proxy: b suffix denotes paired replicate; retain lexicographically first accession
GSM7788627	mBELC83_2	mBELC83_2	MeDIP	cell type: Thymic; chip antibody: MeDIP		ftp://ftp.ncbi.nlm.nih.gov/geo/samples/GSM7788nnn/GSM7788627/suppl/GSM7788627_mBELC83_2.bed.gz		mBELC83_2	KEEP_PROXY_BASELINE	YES	KEEP_BASELINE	Title proxy baseline
GSM7788628	mBELI56_2	mBELI56_2	MeDIP	cell type: Thymic; chip antibody: MeDIP		ftp://ftp.ncbi.nlm.nih.gov/geo/samples/GSM7788nnn/GSM7788628/suppl/GSM7788628_mBELI56_2.bed.gz		mBELI56_2	KEEP_PROXY_BASELINE	YES	KEEP_BASELINE	Title proxy baseline
GSM7788629	mBELI64_2	mBELI64_2	MeDIP	cell type: Thymic; chip antibody: MeDIP		ftp://ftp.ncbi.nlm.nih.gov/geo/samples/GSM7788nnn/GSM7788629/suppl/GSM7788629_mBELI64_2.bed.gz		mBELI64_2	KEEP_PROXY_BASELINE	YES	KEEP_BASELINE	Title proxy baseline
GSM7788630	mBELI68_2	mBELI68_2	MeDIP	cell type: Thymic; chip antibody: MeDIP		ftp://ftp.ncbi.nlm.nih.gov/geo/samples/GSM7788nnn/GSM7788630/suppl/GSM7788630_mBELI68_2.bed.gz		mBELI68_2	KEEP_PROXY_BASELINE	YES	KEEP_BASELINE	Title proxy baseline
GSM7788631	mBELI74_2	mBELI74_2	MeDIP	cell type: Thymic; chip antibody: MeDIP		ftp://ftp.ncbi.nlm.nih.gov/geo/samples/GSM7788nnn/GSM7788631/suppl/GSM7788631_mBELI74_2.bed.gz		mBELI74_2	KEEP_PROXY_BASELINE	YES	KEEP_BASELINE	Title proxy baseline
GSM7788632	mBELI82_2	mBELI82_2	MeDIP	cell type: Thymic; chip antibody: MeDIP		ftp://ftp.ncbi.nlm.nih.gov/geo/samples/GSM7788nnn/GSM7788632/suppl/GSM7788632_mBELI82_2.bed.gz		mBELI82_2	KEEP_PROXY_BASELINE	YES	KEEP_BASELINE	Title proxy baseline
GSM7788633	mBMS4_2	mBMS4_2	MeDIP	cell type: Renal; chip antibody: MeDIP		ftp://ftp.ncbi.nlm.nih.gov/geo/samples/GSM7788nnn/GSM7788633/suppl/GSM7788633_mBMS4_2.bed.gz		mBMS4_2	KEEP_PROXY_BASELINE	YES	KEEP_BASELINE	Title proxy baseline
GSM7788634	mBMS7_2	mBMS7_2	MeDIP	cell type: Renal; chip antibody: MeDIP		ftp://ftp.ncbi.nlm.nih.gov/geo/samples/GSM7788nnn/GSM7788634/suppl/GSM7788634_mBMS7_2.bed.gz		mBMS7_2	KEEP_PROXY_BASELINE	YES	KEEP_BASELINE	Title proxy baseline
GSM7788635	MCOL10160	MCOL10160	MeDIP	cell type: Colorectal; chip antibody: MeDIP		ftp://ftp.ncbi.nlm.nih.gov/geo/samples/GSM7788nnn/GSM7788635/suppl/GSM7788635_MCOL10160.bed.gz		MCOL10160	KEEP_PROXY_BASELINE	YES	KEEP_BASELINE	Title proxy baseline
GSM7788636	MCOL10191	MCOL10191	MeDIP	cell type: Colorectal; chip antibody: MeDIP		ftp://ftp.ncbi.nlm.nih.gov/geo/samples/GSM7788nnn/GSM7788636/suppl/GSM7788636_MCOL10191.bed.gz		MCOL10191	KEEP_PROXY_BASELINE	YES	KEEP_BASELINE	Title proxy baseline
GSM7788637	MCOL10194	MCOL10194	MeDIP	cell type: Colorectal; chip antibody: MeDIP		ftp://ftp.ncbi.nlm.nih.gov/geo/samples/GSM7788nnn/GSM7788637/suppl/GSM7788637_MCOL10194.bed.gz		MCOL10194	KEEP_PROXY_BASELINE	YES	KEEP_BASELINE	Title proxy baseline
GSM7788638	MCOL10221	MCOL10221	MeDIP	cell type: Colorectal; chip antibody: MeDIP		ftp://ftp.ncbi.nlm.nih.gov/geo/samples/GSM7788nnn/GSM7788638/suppl/GSM7788638_MCOL10221.bed.gz		MCOL10221	KEEP_PROXY_BASELINE	YES	KEEP_BASELINE	Title proxy baseline
GSM7788639	MCOL10241	MCOL10241	MeDIP	cell type: Colorectal; chip antibody: MeDIP		ftp://ftp.ncbi.nlm.nih.gov/geo/samples/GSM7788nnn/GSM7788639/suppl/GSM7788639_MCOL10241.bed.gz		MCOL10241	KEEP_PROXY_BASELINE	YES	KEEP_BASELINE	Title proxy baseline
GSM7788640	MCOL10250	MCOL10250	MeDIP	cell type: Colorectal; chip antibody: MeDIP		ftp://ftp.ncbi.nlm.nih.gov/geo/samples/GSM7788nnn/GSM7788640/suppl/GSM7788640_MCOL10250.bed.gz		MCOL10250	KEEP_PROXY_BASELINE	YES	KEEP_BASELINE	Title proxy baseline
GSM7788641	MCOL10279	MCOL10279	MeDIP	cell type: Colorectal; chip antibody: MeDIP		ftp://ftp.ncbi.nlm.nih.gov/geo/samples/GSM7788nnn/GSM7788641/suppl/GSM7788641_MCOL10279.bed.gz		MCOL10279	KEEP_PROXY_BASELINE	YES	KEEP_BASELINE	Title proxy baseline
GSM7788642	MCOL10375	MCOL10375	MeDIP	cell type: Colorectal; chip antibody: MeDIP		ftp://ftp.ncbi.nlm.nih.gov/geo/samples/GSM7788nnn/GSM7788642/suppl/GSM7788642_MCOL10375.bed.gz		MCOL10375	KEEP_PROXY_BASELINE	YES	KEEP_BASELINE	Title proxy baseline
GSM7788643	MCOL10380	MCOL10380	MeDIP	cell type: Colorectal; chip antibody: MeDIP		ftp://ftp.ncbi.nlm.nih.gov/geo/samples/GSM7788nnn/GSM7788643/suppl/GSM7788643_MCOL10380.bed.gz		MCOL10380	KEEP_PROXY_BASELINE	YES	KEEP_BASELINE	Title proxy baseline
GSM7788644	MCOL10387	MCOL10387	MeDIP	cell type: Colorectal; chip antibody: MeDIP		ftp://ftp.ncbi.nlm.nih.gov/geo/samples/GSM7788nnn/GSM7788644/suppl/GSM7788644_MCOL10387.bed.gz		MCOL10387	KEEP_PROXY_BASELINE	YES	KEEP_BASELINE	Title proxy baseline
GSM7788645	MCOL9517	MCOL9517	MeDIP	cell type: Colorectal; chip antibody: MeDIP		ftp://ftp.ncbi.nlm.nih.gov/geo/samples/GSM7788nnn/GSM7788645/suppl/GSM7788645_MCOL9517.bed.gz		MCOL9517	KEEP_PROXY_BASELINE	YES	KEEP_BASELINE	Title proxy baseline
GSM7788646	MCOL9587	MCOL9587	MeDIP	cell type: Colorectal; chip antibody: MeDIP		ftp://ftp.ncbi.nlm.nih.gov/geo/samples/GSM7788nnn/GSM7788646/suppl/GSM7788646_MCOL9587.bed.gz		MCOL9587	KEEP_PROXY_BASELINE	YES	KEEP_BASELINE	Title proxy baseline
GSM7788647	MCOL9602	MCOL9602	MeDIP	cell type: Colorectal; chip antibody: MeDIP		ftp://ftp.ncbi.nlm.nih.gov/geo/samples/GSM7788nnn/GSM7788647/suppl/GSM7788647_MCOL9602.bed.gz		MCOL9602	KEEP_PROXY_BASELINE	YES	KEEP_BASELINE	Title proxy baseline
GSM7788648	MCOL9614RF	MCOL9614RF	MeDIP	cell type: Colorectal; chip antibody: MeDIP		ftp://ftp.ncbi.nlm.nih.gov/geo/samples/GSM7788nnn/GSM7788648/suppl/GSM7788648_MCOL9614RF.bed.gz		MCOL9614RF	KEEP_PROXY_BASELINE	YES	KEEP_BASELINE	Title proxy baseline
GSM7788649	MCOL9629	MCOL9629	MeDIP	cell type: Colorectal; chip antibody: MeDIP		ftp://ftp.ncbi.nlm.nih.gov/geo/samples/GSM7788nnn/GSM7788649/suppl/GSM7788649_MCOL9629.bed.gz		MCOL9629	KEEP_PROXY_BASELINE	YES	KEEP_BASELINE	Title proxy baseline
GSM7788650	MCOL9647	MCOL9647	MeDIP	cell type: Colorectal; chip antibody: MeDIP		ftp://ftp.ncbi.nlm.nih.gov/geo/samples/GSM7788nnn/GSM7788650/suppl/GSM7788650_MCOL9647.bed.gz		MCOL9647	KEEP_PROXY_BASELINE	YES	KEEP_BASELINE	Title proxy baseline
GSM7788651	MCOL9962	MCOL9962	MeDIP	cell type: Colorectal; chip antibody: MeDIP		ftp://ftp.ncbi.nlm.nih.gov/geo/samples/GSM7788nnn/GSM7788651/suppl/GSM7788651_MCOL9962.bed.gz		MCOL9962	KEEP_PROXY_BASELINE	YES	KEEP_BASELINE	Title proxy baseline
GSM7788652	MdCRpr257	MdCRpr257	MeDIP	cell type: Prostate; chip antibody: MeDIP		ftp://ftp.ncbi.nlm.nih.gov/geo/samples/GSM7788nnn/GSM7788652/suppl/GSM7788652_MdCRpr257.bed.gz		MdCRpr257	KEEP_PROXY_BASELINE	YES	KEEP_BASELINE	Title proxy baseline
GSM7788653	MdCRpr436	MdCRpr436	MeDIP	cell type: Prostate; chip antibody: MeDIP		ftp://ftp.ncbi.nlm.nih.gov/geo/samples/GSM7788nnn/GSM7788653/suppl/GSM7788653_MdCRpr436.bed.gz		MdCRpr436	KEEP_PROXY_BASELINE	YES	KEEP_BASELINE	Title proxy baseline
GSM7788654	MdCRpr575	MdCRpr575	MeDIP	cell type: Prostate; chip antibody: MeDIP		ftp://ftp.ncbi.nlm.nih.gov/geo/samples/GSM7788nnn/GSM7788654/suppl/GSM7788654_MdCRpr575.bed.gz		MdCRpr575	KEEP_PROXY_BASELINE	YES	KEEP_BASELINE	Title proxy baseline
GSM7788655	MdCRpr749	MdCRpr749	MeDIP	cell type: Prostate; chip antibody: MeDIP		ftp://ftp.ncbi.nlm.nih.gov/geo/samples/GSM7788nnn/GSM7788655/suppl/GSM7788655_MdCRpr749.bed.gz		MdCRpr749	KEEP_PROXY_BASELINE	YES	KEEP_BASELINE	Title proxy baseline
GSM7788656	MdCRpr907	MdCRpr907	MeDIP	cell type: Prostate; chip antibody: MeDIP		ftp://ftp.ncbi.nlm.nih.gov/geo/samples/GSM7788nnn/GSM7788656/suppl/GSM7788656_MdCRpr907.bed.gz		MdCRpr907	KEEP_PROXY_BASELINE	YES	KEEP_BASELINE	Title proxy baseline
GSM7788657	MdCRpr987	MdCRpr987	MeDIP	cell type: Prostate; chip antibody: MeDIP		ftp://ftp.ncbi.nlm.nih.gov/geo/samples/GSM7788nnn/GSM7788657/suppl/GSM7788657_MdCRpr987.bed.gz		MdCRpr987	KEEP_PROXY_BASELINE	YES	KEEP_BASELINE	Title proxy baseline
GSM7788658	MdCRpt257	MdCRpt257	MeDIP	cell type: Prostate; chip antibody: MeDIP		ftp://ftp.ncbi.nlm.nih.gov/geo/samples/GSM7788nnn/GSM7788658/suppl/GSM7788658_MdCRpt257.bed.gz		MdCRpt257	KEEP_PROXY_BASELINE	YES	KEEP_BASELINE	Title proxy baseline
GSM7788659	MdCRpt257b	MdCRpt257	MeDIP	cell type: Prostate; chip antibody: MeDIP		ftp://ftp.ncbi.nlm.nih.gov/geo/samples/GSM7788nnn/GSM7788659/suppl/GSM7788659_MdCRpt257b.bed.gz		MdCRpt257	DUPLICATE_OR_REPEAT_REVIEW	NO	EXCLUDE_REPLICATE_B_SUFFIX	Title proxy: b suffix denotes paired replicate; retain lexicographically first accession
GSM7788660	MdCRpt436	MdCRpt436	MeDIP	cell type: Prostate; chip antibody: MeDIP		ftp://ftp.ncbi.nlm.nih.gov/geo/samples/GSM7788nnn/GSM7788660/suppl/GSM7788660_MdCRpt436.bed.gz		MdCRpt436	KEEP_PROXY_BASELINE	YES	KEEP_BASELINE	Title proxy baseline
GSM7788661	MdCRpt547	MdCRpt547	MeDIP	cell type: Prostate; chip antibody: MeDIP		ftp://ftp.ncbi.nlm.nih.gov/geo/samples/GSM7788nnn/GSM7788661/suppl/GSM7788661_MdCRpt547.bed.gz		MdCRpt547	KEEP_PROXY_BASELINE	YES	KEEP_BASELINE	Title proxy baseline
GSM7788662	MdCRpt575	MdCRpt575	MeDIP	cell type: Prostate; chip antibody: MeDIP		ftp://ftp.ncbi.nlm.nih.gov/geo/samples/GSM7788nnn/GSM7788662/suppl/GSM7788662_MdCRpt575.bed.gz		MdCRpt575	KEEP_PROXY_BASELINE	YES	KEEP_BASELINE	Title proxy baseline
GSM7788663	MdCRpt987	MdCRpt987	MeDIP	cell type: Prostate; chip antibody: MeDIP		ftp://ftp.ncbi.nlm.nih.gov/geo/samples/GSM7788nnn/GSM7788663/suppl/GSM7788663_MdCRpt987.bed.gz		MdCRpt987	KEEP_PROXY_BASELINE	YES	KEEP_BASELINE	Title proxy baseline
GSM7788664	MdGP53	MdGP53	MeDIP	cell type: Prostate; chip antibody: MeDIP		ftp://ftp.ncbi.nlm.nih.gov/geo/samples/GSM7788nnn/GSM7788664/suppl/GSM7788664_MdGP53.bed.gz		MdGP53	KEEP_PROXY_BASELINE	YES	KEEP_BASELINE	Title proxy baseline
GSM7788665	MdGP54	MdGP54	MeDIP	cell type: Prostate; chip antibody: MeDIP		ftp://ftp.ncbi.nlm.nih.gov/geo/samples/GSM7788nnn/GSM7788665/suppl/GSM7788665_MdGP54.bed.gz		MdGP54	KEEP_PROXY_BASELINE	YES	KEEP_BASELINE	Title proxy baseline
GSM7788666	MdH30642	MdH30642	MeDIP	cell type: Healthy; chip antibody: MeDIP		ftp://ftp.ncbi.nlm.nih.gov/geo/samples/GSM7788nnn/GSM7788666/suppl/GSM7788666_MdH30642.bed.gz		MdH30642	KEEP_PROXY_BASELINE	YES	KEEP_BASELINE	Title proxy baseline
GSM7788667	MdH34881	MdH34881	MeDIP	cell type: Healthy; chip antibody: MeDIP		ftp://ftp.ncbi.nlm.nih.gov/geo/samples/GSM7788nnn/GSM7788667/suppl/GSM7788667_MdH34881.bed.gz		MdH34881	KEEP_PROXY_BASELINE	YES	KEEP_BASELINE	Title proxy baseline
GSM7788668	MdH56703	MdH56703	MeDIP	cell type: Healthy; chip antibody: MeDIP		ftp://ftp.ncbi.nlm.nih.gov/geo/samples/GSM7788nnn/GSM7788668/suppl/GSM7788668_MdH56703.bed.gz		MdH56703	KEEP_PROXY_BASELINE	YES	KEEP_BASELINE	Title proxy baseline
GSM7788669	MdH98228	MdH98228	MeDIP	cell type: Healthy; chip antibody: MeDIP		ftp://ftp.ncbi.nlm.nih.gov/geo/samples/GSM7788nnn/GSM7788669/suppl/GSM7788669_MdH98228.bed.gz		MdH98228	KEEP_PROXY_BASELINE	YES	KEEP_BASELINE	Title proxy baseline
GSM7788670	MdHP10028203	MdHP10028203	MeDIP	cell type: Healthy; chip antibody: MeDIP		ftp://ftp.ncbi.nlm.nih.gov/geo/samples/GSM7788nnn/GSM7788670/suppl/GSM7788670_MdHP10028203.bed.gz		MdHP10028203	KEEP_PROXY_BASELINE	YES	KEEP_BASELINE	Title proxy baseline
GSM7788671	MdHP10031645	MdHP10031645	MeDIP	cell type: Healthy; chip antibody: MeDIP		ftp://ftp.ncbi.nlm.nih.gov/geo/samples/GSM7788nnn/GSM7788671/suppl/GSM7788671_MdHP10031645.bed.gz		MdHP10031645	KEEP_PROXY_BASELINE	YES	KEEP_BASELINE	Title proxy baseline
GSM7788672	MdHP10033740	MdHP10033740	MeDIP	cell type: Healthy; chip antibody: MeDIP		ftp://ftp.ncbi.nlm.nih.gov/geo/samples/GSM7788nnn/GSM7788672/suppl/GSM7788672_MdHP10033740.bed.gz		MdHP10033740	KEEP_PROXY_BASELINE	YES	KEEP_BASELINE	Title proxy baseline
GSM7788673	MdHP10035094	MdHP10035094	MeDIP	cell type: Healthy; chip antibody: MeDIP		ftp://ftp.ncbi.nlm.nih.gov/geo/samples/GSM7788nnn/GSM7788673/suppl/GSM7788673_MdHP10035094.bed.gz		MdHP10035094	KEEP_PROXY_BASELINE	YES	KEEP_BASELINE	Title proxy baseline
GSM7788674	MdHP10035094_2	MdHP10035094_2	MeDIP	cell type: Healthy; chip antibody: MeDIP		ftp://ftp.ncbi.nlm.nih.gov/geo/samples/GSM7788nnn/GSM7788674/suppl/GSM7788674_MdHP10035094_2.bed.gz		MdHP10035094_2	KEEP_PROXY_BASELINE	YES	KEEP_BASELINE	Title proxy baseline
GSM7788675	MdHP10036348	MdHP10036348	MeDIP	cell type: Healthy; chip antibody: MeDIP		ftp://ftp.ncbi.nlm.nih.gov/geo/samples/GSM7788nnn/GSM7788675/suppl/GSM7788675_MdHP10036348.bed.gz		MdHP10036348	KEEP_PROXY_BASELINE	YES	KEEP_BASELINE	Title proxy baseline
GSM7788676	MdHP10038748	MdHP10038748	MeDIP	cell type: Healthy; chip antibody: MeDIP		ftp://ftp.ncbi.nlm.nih.gov/geo/samples/GSM7788nnn/GSM7788676/suppl/GSM7788676_MdHP10038748.bed.gz		MdHP10038748	KEEP_PROXY_BASELINE	YES	KEEP_BASELINE	Title proxy baseline
GSM7788677	MdHP10041556	MdHP10041556	MeDIP	cell type: Healthy; chip antibody: MeDIP		ftp://ftp.ncbi.nlm.nih.gov/geo/samples/GSM7788nnn/GSM7788677/suppl/GSM7788677_MdHP10041556.bed.gz		MdHP10041556	KEEP_PROXY_BASELINE	YES	KEEP_BASELINE	Title proxy baseline
GSM7788678	MdHP10045456	MdHP10045456	MeDIP	cell type: Healthy; chip antibody: MeDIP		ftp://ftp.ncbi.nlm.nih.gov/geo/samples/GSM7788nnn/GSM7788678/suppl/GSM7788678_MdHP10045456.bed.gz		MdHP10045456	KEEP_PROXY_BASELINE	YES	KEEP_BASELINE	Title proxy baseline
GSM7788679	MdHP10047328	MdHP10047328	MeDIP	cell type: Healthy; chip antibody: MeDIP		ftp://ftp.ncbi.nlm.nih.gov/geo/samples/GSM7788nnn/GSM7788679/suppl/GSM7788679_MdHP10047328.bed.gz		MdHP10047328	KEEP_PROXY_BASELINE	YES	KEEP_BASELINE	Title proxy baseline
GSM7788680	MdHP10053744	MdHP10053744	MeDIP	cell type: Healthy; chip antibody: MeDIP		ftp://ftp.ncbi.nlm.nih.gov/geo/samples/GSM7788nnn/GSM7788680/suppl/GSM7788680_MdHP10053744.bed.gz		MdHP10053744	KEEP_PROXY_BASELINE	YES	KEEP_BASELINE	Title proxy baseline
GSM7788681	MdHP10058173	MdHP10058173	MeDIP	cell type: Healthy; chip antibody: MeDIP		ftp://ftp.ncbi.nlm.nih.gov/geo/samples/GSM7788nnn/GSM7788681/suppl/GSM7788681_MdHP10058173.bed.gz		MdHP10058173	KEEP_PROXY_BASELINE	YES	KEEP_BASELINE	Title proxy baseline
GSM7788682	MdHP10059091	MdHP10059091	MeDIP	cell type: Healthy; chip antibody: MeDIP		ftp://ftp.ncbi.nlm.nih.gov/geo/samples/GSM7788nnn/GSM7788682/suppl/GSM7788682_MdHP10059091.bed.gz		MdHP10059091	KEEP_PROXY_BASELINE	YES	KEEP_BASELINE	Title proxy baseline
GSM7788683	MdHP10059620	MdHP10059620	MeDIP	cell type: Healthy; chip antibody: MeDIP		ftp://ftp.ncbi.nlm.nih.gov/geo/samples/GSM7788nnn/GSM7788683/suppl/GSM7788683_MdHP10059620.bed.gz		MdHP10059620	KEEP_PROXY_BASELINE	YES	KEEP_BASELINE	Title proxy baseline
GSM7788684	MdHP10069519	MdHP10069519	MeDIP	cell type: Healthy; chip antibody: MeDIP		ftp://ftp.ncbi.nlm.nih.gov/geo/samples/GSM7788nnn/GSM7788684/suppl/GSM7788684_MdHP10069519.bed.gz		MdHP10069519	KEEP_PROXY_BASELINE	YES	KEEP_BASELINE	Title proxy baseline
GSM7788685	MdHP10075732	MdHP10075732	MeDIP	cell type: Healthy; chip antibody: MeDIP		ftp://ftp.ncbi.nlm.nih.gov/geo/samples/GSM7788nnn/GSM7788685/suppl/GSM7788685_MdHP10075732.bed.gz		MdHP10075732	KEEP_PROXY_BASELINE	YES	KEEP_BASELINE	Title proxy baseline
GSM7788686	MdHP10077180	MdHP10077180	MeDIP	cell type: Healthy; chip antibody: MeDIP		ftp://ftp.ncbi.nlm.nih.gov/geo/samples/GSM7788nnn/GSM7788686/suppl/GSM7788686_MdHP10077180.bed.gz		MdHP10077180	KEEP_PROXY_BASELINE	YES	KEEP_BASELINE	Title proxy baseline
GSM7788687	MdHP10095178	MdHP10095178	MeDIP	cell type: Healthy; chip antibody: MeDIP		ftp://ftp.ncbi.nlm.nih.gov/geo/samples/GSM7788nnn/GSM7788687/suppl/GSM7788687_MdHP10095178.bed.gz		MdHP10095178	KEEP_PROXY_BASELINE	YES	KEEP_BASELINE	Title proxy baseline
GSM7788688	MdHP10095999	MdHP10095999	MeDIP	cell type: Healthy; chip antibody: MeDIP		ftp://ftp.ncbi.nlm.nih.gov/geo/samples/GSM7788nnn/GSM7788688/suppl/GSM7788688_MdHP10095999.bed.gz		MdHP10095999	KEEP_PROXY_BASELINE	YES	KEEP_BASELINE	Title proxy baseline
GSM7788689	MdHP10097407	MdHP10097407	MeDIP	cell type: Healthy; chip antibody: MeDIP		ftp://ftp.ncbi.nlm.nih.gov/geo/samples/GSM7788nnn/GSM7788689/suppl/GSM7788689_MdHP10097407.bed.gz		MdHP10097407	KEEP_PROXY_BASELINE	YES	KEEP_BASELINE	Title proxy baseline
GSM7788690	MdHP10102703	MdHP10102703	MeDIP	cell type: Healthy; chip antibody: MeDIP		ftp://ftp.ncbi.nlm.nih.gov/geo/samples/GSM7788nnn/GSM7788690/suppl/GSM7788690_MdHP10102703.bed.gz		MdHP10102703	KEEP_PROXY_BASELINE	YES	KEEP_BASELINE	Title proxy baseline
GSM7788691	MdHP10111016	MdHP10111016	MeDIP	cell type: Healthy; chip antibody: MeDIP		ftp://ftp.ncbi.nlm.nih.gov/geo/samples/GSM7788nnn/GSM7788691/suppl/GSM7788691_MdHP10111016.bed.gz		MdHP10111016	KEEP_PROXY_BASELINE	YES	KEEP_BASELINE	Title proxy baseline
GSM7788692	MdHP10111616	MdHP10111616	MeDIP	cell type: Healthy; chip antibody: MeDIP		ftp://ftp.ncbi.nlm.nih.gov/geo/samples/GSM7788nnn/GSM7788692/suppl/GSM7788692_MdHP10111616.bed.gz		MdHP10111616	KEEP_PROXY_BASELINE	YES	KEEP_BASELINE	Title proxy baseline
GSM7788693	MdHP10111717	MdHP10111717	MeDIP	cell type: Healthy; chip antibody: MeDIP		ftp://ftp.ncbi.nlm.nih.gov/geo/samples/GSM7788nnn/GSM7788693/suppl/GSM7788693_MdHP10111717.bed.gz		MdHP10111717	KEEP_PROXY_BASELINE	YES	KEEP_BASELINE	Title proxy baseline
GSM7788694	MdHP10116305	MdHP10116305	MeDIP	cell type: Healthy; chip antibody: MeDIP		ftp://ftp.ncbi.nlm.nih.gov/geo/samples/GSM7788nnn/GSM7788694/suppl/GSM7788694_MdHP10116305.bed.gz		MdHP10116305	KEEP_PROXY_BASELINE	YES	KEEP_BASELINE	Title proxy baseline
GSM7788695	MdHP10123027	MdHP10123027	MeDIP	cell type: Healthy; chip antibody: MeDIP		ftp://ftp.ncbi.nlm.nih.gov/geo/samples/GSM7788nnn/GSM7788695/suppl/GSM7788695_MdHP10123027.bed.gz		MdHP10123027	KEEP_PROXY_BASELINE	YES	KEEP_BASELINE	Title proxy baseline
GSM7788696	MdHP10132279	MdHP10132279	MeDIP	cell type: Healthy; chip antibody: MeDIP		ftp://ftp.ncbi.nlm.nih.gov/geo/samples/GSM7788nnn/GSM7788696/suppl/GSM7788696_MdHP10132279.bed.gz		MdHP10132279	KEEP_PROXY_BASELINE	YES	KEEP_BASELINE	Title proxy baseline
GSM7788697	MdHP10133405	MdHP10133405	MeDIP	cell type: Healthy; chip antibody: MeDIP		ftp://ftp.ncbi.nlm.nih.gov/geo/samples/GSM7788nnn/GSM7788697/suppl/GSM7788697_MdHP10133405.bed.gz		MdHP10133405	KEEP_PROXY_BASELINE	YES	KEEP_BASELINE	Title proxy baseline
GSM7788698	MdHP10135963	MdHP10135963	MeDIP	cell type: Healthy; chip antibody: MeDIP		ftp://ftp.ncbi.nlm.nih.gov/geo/samples/GSM7788nnn/GSM7788698/suppl/GSM7788698_MdHP10135963.bed.gz		MdHP10135963	KEEP_PROXY_BASELINE	YES	KEEP_BASELINE	Title proxy baseline
GSM7788699	MdHP140197	MdHP140197	MeDIP	cell type: Healthy; chip antibody: MeDIP		ftp://ftp.ncbi.nlm.nih.gov/geo/samples/GSM7788nnn/GSM7788699/suppl/GSM7788699_MdHP140197.bed.gz		MdHP140197	KEEP_PROXY_BASELINE	YES	KEEP_BASELINE	Title proxy baseline
GSM7788700	MdHP53	MdHP53	MeDIP	cell type: Prostate; chip antibody: MeDIP		ftp://ftp.ncbi.nlm.nih.gov/geo/samples/GSM7788nnn/GSM7788700/suppl/GSM7788700_MdHP53.bed.gz		MdHP53	KEEP_PROXY_BASELINE	YES	KEEP_BASELINE	Title proxy baseline
GSM7788701	MdHP54	MdHP54	MeDIP	cell type: Prostate; chip antibody: MeDIP		ftp://ftp.ncbi.nlm.nih.gov/geo/samples/GSM7788nnn/GSM7788701/suppl/GSM7788701_MdHP54.bed.gz		MdHP54	KEEP_PROXY_BASELINE	YES	KEEP_BASELINE	Title proxy baseline
GSM7788702	MdLC01	MdLC01	MeDIP	cell type: NSCLC; chip antibody: MeDIP		ftp://ftp.ncbi.nlm.nih.gov/geo/samples/GSM7788nnn/GSM7788702/suppl/GSM7788702_MdLC01.bed.gz		MdLC01	KEEP_PROXY_BASELINE	YES	KEEP_BASELINE	Title proxy baseline
GSM7788703	MdLC02	MdLC02	MeDIP	cell type: NSCLC; chip antibody: MeDIP		ftp://ftp.ncbi.nlm.nih.gov/geo/samples/GSM7788nnn/GSM7788703/suppl/GSM7788703_MdLC02.bed.gz		MdLC02	KEEP_PROXY_BASELINE	YES	KEEP_BASELINE	Title proxy baseline
GSM7788704	MdLC04	MdLC04	MeDIP	cell type: NSCLC; chip antibody: MeDIP		ftp://ftp.ncbi.nlm.nih.gov/geo/samples/GSM7788nnn/GSM7788704/suppl/GSM7788704_MdLC04.bed.gz		MdLC04	KEEP_PROXY_BASELINE	YES	KEEP_BASELINE	Title proxy baseline
GSM7788705	MdLC05	MdLC05	MeDIP	cell type: NSCLC; chip antibody: MeDIP		ftp://ftp.ncbi.nlm.nih.gov/geo/samples/GSM7788nnn/GSM7788705/suppl/GSM7788705_MdLC05.bed.gz		MdLC05	KEEP_PROXY_BASELINE	YES	KEEP_BASELINE	Title proxy baseline
GSM7788706	MdLC07	MdLC07	MeDIP	cell type: NSCLC; chip antibody: MeDIP		ftp://ftp.ncbi.nlm.nih.gov/geo/samples/GSM7788nnn/GSM7788706/suppl/GSM7788706_MdLC07.bed.gz		MdLC07	KEEP_PROXY_BASELINE	YES	KEEP_BASELINE	Title proxy baseline
GSM7788707	MdLC08	MdLC08	MeDIP	cell type: NSCLC; chip antibody: MeDIP		ftp://ftp.ncbi.nlm.nih.gov/geo/samples/GSM7788nnn/GSM7788707/suppl/GSM7788707_MdLC08.bed.gz		MdLC08	KEEP_PROXY_BASELINE	YES	KEEP_BASELINE	Title proxy baseline
GSM7788708	MdLC09	MdLC09	MeDIP	cell type: SCLC; chip antibody: MeDIP		ftp://ftp.ncbi.nlm.nih.gov/geo/samples/GSM7788nnn/GSM7788708/suppl/GSM7788708_MdLC09.bed.gz		MdLC09	KEEP_PROXY_BASELINE	YES	KEEP_BASELINE	Title proxy baseline
GSM7788709	MdLC10	MdLC10	MeDIP	cell type: NSCLC; chip antibody: MeDIP		ftp://ftp.ncbi.nlm.nih.gov/geo/samples/GSM7788nnn/GSM7788709/suppl/GSM7788709_MdLC10.bed.gz		MdLC10	KEEP_PROXY_BASELINE	YES	KEEP_BASELINE	Title proxy baseline
GSM7788710	MdLC11	MdLC11	MeDIP	cell type: NSCLC; chip antibody: MeDIP		ftp://ftp.ncbi.nlm.nih.gov/geo/samples/GSM7788nnn/GSM7788710/suppl/GSM7788710_MdLC11.bed.gz		MdLC11	KEEP_PROXY_BASELINE	YES	KEEP_BASELINE	Title proxy baseline
GSM7788711	MdLC12	MdLC12	MeDIP	cell type: NSCLC; chip antibody: MeDIP		ftp://ftp.ncbi.nlm.nih.gov/geo/samples/GSM7788nnn/GSM7788711/suppl/GSM7788711_MdLC12.bed.gz		MdLC12	KEEP_PROXY_BASELINE	YES	KEEP_BASELINE	Title proxy baseline
GSM7788712	MdLC16	MdLC16	MeDIP	cell type: NSCLC; chip antibody: MeDIP		ftp://ftp.ncbi.nlm.nih.gov/geo/samples/GSM7788nnn/GSM7788712/suppl/GSM7788712_MdLC16.bed.gz		MdLC16	KEEP_PROXY_BASELINE	YES	KEEP_BASELINE	Title proxy baseline
GSM7788713	MdLC17	MdLC17	MeDIP	cell type: NSCLC; chip antibody: MeDIP		ftp://ftp.ncbi.nlm.nih.gov/geo/samples/GSM7788nnn/GSM7788713/suppl/GSM7788713_MdLC17.bed.gz		MdLC17	KEEP_PROXY_BASELINE	YES	KEEP_BASELINE	Title proxy baseline
GSM7788714	MdLC19	MdLC19	MeDIP	cell type: NSCLC; chip antibody: MeDIP		ftp://ftp.ncbi.nlm.nih.gov/geo/samples/GSM7788nnn/GSM7788714/suppl/GSM7788714_MdLC19.bed.gz		MdLC19	KEEP_PROXY_BASELINE	YES	KEEP_BASELINE	Title proxy baseline
GSM7788715	MdLC20	MdLC20	MeDIP	cell type: NSCLC; chip antibody: MeDIP		ftp://ftp.ncbi.nlm.nih.gov/geo/samples/GSM7788nnn/GSM7788715/suppl/GSM7788715_MdLC20.bed.gz		MdLC20	KEEP_PROXY_BASELINE	YES	KEEP_BASELINE	Title proxy baseline
GSM7788716	MdLC21	MdLC21	MeDIP	cell type: NSCLC; chip antibody: MeDIP		ftp://ftp.ncbi.nlm.nih.gov/geo/samples/GSM7788nnn/GSM7788716/suppl/GSM7788716_MdLC21.bed.gz		MdLC21	KEEP_PROXY_BASELINE	YES	KEEP_BASELINE	Title proxy baseline
GSM7788717	MdLC23	MdLC23	MeDIP	cell type: NSCLC; chip antibody: MeDIP		ftp://ftp.ncbi.nlm.nih.gov/geo/samples/GSM7788nnn/GSM7788717/suppl/GSM7788717_MdLC23.bed.gz		MdLC23	KEEP_PROXY_BASELINE	YES	KEEP_BASELINE	Title proxy baseline
GSM7788718	MdLC26	MdLC26	MeDIP	cell type: SCLC; chip antibody: MeDIP		ftp://ftp.ncbi.nlm.nih.gov/geo/samples/GSM7788nnn/GSM7788718/suppl/GSM7788718_MdLC26.bed.gz		MdLC26	KEEP_PROXY_BASELINE	YES	KEEP_BASELINE	Title proxy baseline
GSM7788719	MdLC28	MdLC28	MeDIP	cell type: NSCLC; chip antibody: MeDIP		ftp://ftp.ncbi.nlm.nih.gov/geo/samples/GSM7788nnn/GSM7788719/suppl/GSM7788719_MdLC28.bed.gz		MdLC28	KEEP_PROXY_BASELINE	YES	KEEP_BASELINE	Title proxy baseline
GSM7788720	MdLC29	MdLC29	MeDIP	cell type: SCLC; chip antibody: MeDIP		ftp://ftp.ncbi.nlm.nih.gov/geo/samples/GSM7788nnn/GSM7788720/suppl/GSM7788720_MdLC29.bed.gz		MdLC29	KEEP_PROXY_BASELINE	YES	KEEP_BASELINE	Title proxy baseline
GSM7788721	MdLC31	MdLC31	MeDIP	cell type: NSCLC; chip antibody: MeDIP		ftp://ftp.ncbi.nlm.nih.gov/geo/samples/GSM7788nnn/GSM7788721/suppl/GSM7788721_MdLC31.bed.gz		MdLC31	KEEP_PROXY_BASELINE	YES	KEEP_BASELINE	Title proxy baseline
GSM7788722	MdLC32	MdLC32	MeDIP	cell type: SCLC; chip antibody: MeDIP		ftp://ftp.ncbi.nlm.nih.gov/geo/samples/GSM7788nnn/GSM7788722/suppl/GSM7788722_MdLC32.bed.gz		MdLC32	KEEP_PROXY_BASELINE	YES	KEEP_BASELINE	Title proxy baseline
GSM7788723	MdLC33	MdLC33	MeDIP	cell type: SCLC; chip antibody: MeDIP		ftp://ftp.ncbi.nlm.nih.gov/geo/samples/GSM7788nnn/GSM7788723/suppl/GSM7788723_MdLC33.bed.gz		MdLC33	KEEP_PROXY_BASELINE	YES	KEEP_BASELINE	Title proxy baseline
GSM7788724	MdLC34	MdLC34	MeDIP	cell type: SCLC; chip antibody: MeDIP		ftp://ftp.ncbi.nlm.nih.gov/geo/samples/GSM7788nnn/GSM7788724/suppl/GSM7788724_MdLC34.bed.gz		MdLC34	KEEP_PROXY_BASELINE	YES	KEEP_BASELINE	Title proxy baseline
GSM7788725	MdLC36	MdLC36	MeDIP	cell type: SCLC; chip antibody: MeDIP		ftp://ftp.ncbi.nlm.nih.gov/geo/samples/GSM7788nnn/GSM7788725/suppl/GSM7788725_MdLC36.bed.gz		MdLC36	KEEP_PROXY_BASELINE	YES	KEEP_BASELINE	Title proxy baseline
GSM7788726	MdLC45	MdLC45	MeDIP	cell type: SCLC; chip antibody: MeDIP		ftp://ftp.ncbi.nlm.nih.gov/geo/samples/GSM7788nnn/GSM7788726/suppl/GSM7788726_MdLC45.bed.gz		MdLC45	KEEP_PROXY_BASELINE	YES	KEEP_BASELINE	Title proxy baseline
GSM7788727	MdLC46	MdLC46	MeDIP	cell type: SCLC; chip antibody: MeDIP		ftp://ftp.ncbi.nlm.nih.gov/geo/samples/GSM7788nnn/GSM7788727/suppl/GSM7788727_MdLC46.bed.gz		MdLC46	KEEP_PROXY_BASELINE	YES	KEEP_BASELINE	Title proxy baseline
GSM7788728	MdMel01	MdMel01	MeDIP	cell type: Melanoma; chip antibody: MeDIP		ftp://ftp.ncbi.nlm.nih.gov/geo/samples/GSM7788nnn/GSM7788728/suppl/GSM7788728_MdMel01.bed.gz		MdMel01	KEEP_PROXY_BASELINE	YES	KEEP_BASELINE	Title proxy baseline
GSM7788729	MdMel02	MdMel02	MeDIP	cell type: Melanoma; chip antibody: MeDIP		ftp://ftp.ncbi.nlm.nih.gov/geo/samples/GSM7788nnn/GSM7788729/suppl/GSM7788729_MdMel02.bed.gz		MdMel02	KEEP_PROXY_BASELINE	YES	KEEP_BASELINE	Title proxy baseline
GSM7788730	MdMel03	MdMel03	MeDIP	cell type: Melanoma; chip antibody: MeDIP		ftp://ftp.ncbi.nlm.nih.gov/geo/samples/GSM7788nnn/GSM7788730/suppl/GSM7788730_MdMel03.bed.gz		MdMel03	KEEP_PROXY_BASELINE	YES	KEEP_BASELINE	Title proxy baseline
GSM7788731	MdMel04	MdMel04	MeDIP	cell type: Melanoma; chip antibody: MeDIP		ftp://ftp.ncbi.nlm.nih.gov/geo/samples/GSM7788nnn/GSM7788731/suppl/GSM7788731_MdMel04.bed.gz		MdMel04	KEEP_PROXY_BASELINE	YES	KEEP_BASELINE	Title proxy baseline
GSM7788732	MdMel05	MdMel05	MeDIP	cell type: Melanoma; chip antibody: MeDIP		ftp://ftp.ncbi.nlm.nih.gov/geo/samples/GSM7788nnn/GSM7788732/suppl/GSM7788732_MdMel05.bed.gz		MdMel05	KEEP_PROXY_BASELINE	YES	KEEP_BASELINE	Title proxy baseline
GSM7788733	MdMel06	MdMel06	MeDIP	cell type: Melanoma; chip antibody: MeDIP		ftp://ftp.ncbi.nlm.nih.gov/geo/samples/GSM7788nnn/GSM7788733/suppl/GSM7788733_MdMel06.bed.gz		MdMel06	KEEP_PROXY_BASELINE	YES	KEEP_BASELINE	Title proxy baseline
GSM7788734	MdMP53	MdMP53	MeDIP	cell type: Prostate; chip antibody: MeDIP		ftp://ftp.ncbi.nlm.nih.gov/geo/samples/GSM7788nnn/GSM7788734/suppl/GSM7788734_MdMP53.bed.gz		MdMP53	KEEP_PROXY_BASELINE	YES	KEEP_BASELINE	Title proxy baseline
GSM7788735	MdMP54	MdMP54	MeDIP	cell type: Prostate; chip antibody: MeDIP		ftp://ftp.ncbi.nlm.nih.gov/geo/samples/GSM7788nnn/GSM7788735/suppl/GSM7788735_MdMP54.bed.gz		MdMP54	KEEP_PROXY_BASELINE	YES	KEEP_BASELINE	Title proxy baseline
GSM7788736	MdNE2273	MdNE2273	MeDIP	cell type: NEPC; chip antibody: MeDIP		ftp://ftp.ncbi.nlm.nih.gov/geo/samples/GSM7788nnn/GSM7788736/suppl/GSM7788736_MdNE2273.bed.gz		MdNE2273	KEEP_PROXY_BASELINE	YES	KEEP_BASELINE	Title proxy baseline
GSM7788737	MdNE3784	MdNE3784	MeDIP	cell type: NEPC; chip antibody: MeDIP		ftp://ftp.ncbi.nlm.nih.gov/geo/samples/GSM7788nnn/GSM7788737/suppl/GSM7788737_MdNE3784.bed.gz		MdNE3784	KEEP_PROXY_BASELINE	YES	KEEP_BASELINE	Title proxy baseline
GSM7788738	MdNE3838	MdNE3838	MeDIP	cell type: NEPC; chip antibody: MeDIP		ftp://ftp.ncbi.nlm.nih.gov/geo/samples/GSM7788nnn/GSM7788738/suppl/GSM7788738_MdNE3838.bed.gz		MdNE3838	KEEP_PROXY_BASELINE	YES	KEEP_BASELINE	Title proxy baseline
GSM7788739	MdP2627	MdP2627	MeDIP	cell type: Prostate; chip antibody: MeDIP		ftp://ftp.ncbi.nlm.nih.gov/geo/samples/GSM7788nnn/GSM7788739/suppl/GSM7788739_MdP2627.bed.gz		MdP2627	KEEP_PROXY_BASELINE	YES	KEEP_BASELINE	Title proxy baseline
GSM7788740	MdPC31	MdPC31	MeDIP	cell type: Prostate; chip antibody: MeDIP		ftp://ftp.ncbi.nlm.nih.gov/geo/samples/GSM7788nnn/GSM7788740/suppl/GSM7788740_MdPC31.bed.gz		MdPC31	KEEP_PROXY_BASELINE	YES	KEEP_BASELINE	Title proxy baseline
GSM7788741	MdPC32	MdPC32	MeDIP	cell type: Prostate; chip antibody: MeDIP		ftp://ftp.ncbi.nlm.nih.gov/geo/samples/GSM7788nnn/GSM7788741/suppl/GSM7788741_MdPC32.bed.gz		MdPC32	KEEP_PROXY_BASELINE	YES	KEEP_BASELINE	Title proxy baseline
GSM7788742	MdPC38	MdPC38	MeDIP	cell type: Prostate; chip antibody: MeDIP		ftp://ftp.ncbi.nlm.nih.gov/geo/samples/GSM7788nnn/GSM7788742/suppl/GSM7788742_MdPC38.bed.gz		MdPC38	KEEP_PROXY_BASELINE	YES	KEEP_BASELINE	Title proxy baseline
GSM7788743	MdPC39	MdPC39	MeDIP	cell type: Prostate; chip antibody: MeDIP		ftp://ftp.ncbi.nlm.nih.gov/geo/samples/GSM7788nnn/GSM7788743/suppl/GSM7788743_MdPC39.bed.gz		MdPC39	KEEP_PROXY_BASELINE	YES	KEEP_BASELINE	Title proxy baseline
GSM7788744	MdPC40	MdPC40	MeDIP	cell type: Prostate; chip antibody: MeDIP		ftp://ftp.ncbi.nlm.nih.gov/geo/samples/GSM7788nnn/GSM7788744/suppl/GSM7788744_MdPC40.bed.gz		MdPC40	KEEP_PROXY_BASELINE	YES	KEEP_BASELINE	Title proxy baseline
GSM7788745	MdPC48	MdPC48	MeDIP	cell type: Prostate; chip antibody: MeDIP		ftp://ftp.ncbi.nlm.nih.gov/geo/samples/GSM7788nnn/GSM7788745/suppl/GSM7788745_MdPC48.bed.gz		MdPC48	KEEP_PROXY_BASELINE	YES	KEEP_BASELINE	Title proxy baseline
GSM7788746	MdPR2514	MdPR2514	MeDIP	cell type: Prostate; chip antibody: MeDIP		ftp://ftp.ncbi.nlm.nih.gov/geo/samples/GSM7788nnn/GSM7788746/suppl/GSM7788746_MdPR2514.bed.gz		MdPR2514	KEEP_PROXY_BASELINE	YES	KEEP_BASELINE	Title proxy baseline
GSM7788747	MdPR2777	MdPR2777	MeDIP	cell type: Prostate; chip antibody: MeDIP		ftp://ftp.ncbi.nlm.nih.gov/geo/samples/GSM7788nnn/GSM7788747/suppl/GSM7788747_MdPR2777.bed.gz		MdPR2777	KEEP_PROXY_BASELINE	YES	KEEP_BASELINE	Title proxy baseline
GSM7788748	MdPR2778	MdPR2778	MeDIP	cell type: Prostate; chip antibody: MeDIP		ftp://ftp.ncbi.nlm.nih.gov/geo/samples/GSM7788nnn/GSM7788748/suppl/GSM7788748_MdPR2778.bed.gz		MdPR2778	KEEP_PROXY_BASELINE	YES	KEEP_BASELINE	Title proxy baseline
GSM7788749	MdPR3294	MdPR3294	MeDIP	cell type: Prostate; chip antibody: MeDIP		ftp://ftp.ncbi.nlm.nih.gov/geo/samples/GSM7788nnn/GSM7788749/suppl/GSM7788749_MdPR3294.bed.gz		MdPR3294	KEEP_PROXY_BASELINE	YES	KEEP_BASELINE	Title proxy baseline
GSM7788750	MdPR3424	MdPR3424	MeDIP	cell type: Prostate; chip antibody: MeDIP		ftp://ftp.ncbi.nlm.nih.gov/geo/samples/GSM7788nnn/GSM7788750/suppl/GSM7788750_MdPR3424.bed.gz		MdPR3424	KEEP_PROXY_BASELINE	YES	KEEP_BASELINE	Title proxy baseline
GSM7788751	MdPR8665	MdPR8665	MeDIP	cell type: Prostate; chip antibody: MeDIP		ftp://ftp.ncbi.nlm.nih.gov/geo/samples/GSM7788nnn/GSM7788751/suppl/GSM7788751_MdPR8665.bed.gz		MdPR8665	KEEP_PROXY_BASELINE	YES	KEEP_BASELINE	Title proxy baseline
GSM7788752	MdRC38	MdRC38	MeDIP	cell type: SCLC; chip antibody: MeDIP		ftp://ftp.ncbi.nlm.nih.gov/geo/samples/GSM7788nnn/GSM7788752/suppl/GSM7788752_MdRC38.bed.gz		MdRC38	KEEP_PROXY_BASELINE	YES	KEEP_BASELINE	Title proxy baseline
GSM7788753	MdRCcC944	MdRCcC944	MeDIP	cell type: Renal; chip antibody: MeDIP		ftp://ftp.ncbi.nlm.nih.gov/geo/samples/GSM7788nnn/GSM7788753/suppl/GSM7788753_MdRCcC944.bed.gz		MdRCcC944	KEEP_PROXY_BASELINE	YES	KEEP_BASELINE	Title proxy baseline
GSM7788754	MdRCcC973	MdRCcC973	MeDIP	cell type: Renal; chip antibody: MeDIP		ftp://ftp.ncbi.nlm.nih.gov/geo/samples/GSM7788nnn/GSM7788754/suppl/GSM7788754_MdRCcC973.bed.gz		MdRCcC973	KEEP_PROXY_BASELINE	YES	KEEP_BASELINE	Title proxy baseline
GSM7788755	MdRCh1331	MdRCh1331	MeDIP	cell type: Renal; chip antibody: MeDIP		ftp://ftp.ncbi.nlm.nih.gov/geo/samples/GSM7788nnn/GSM7788755/suppl/GSM7788755_MdRCh1331.bed.gz		MdRCh1331	KEEP_PROXY_BASELINE	YES	KEEP_BASELINE	Title proxy baseline
GSM7788759	MeDprP40	MeDprP40	MeDIP	cell type: Prostate; chip antibody: MeDIP		ftp://ftp.ncbi.nlm.nih.gov/geo/samples/GSM7788nnn/GSM7788759/suppl/GSM7788759_MeDprP40.bed.gz		MeDprP40	KEEP_PROXY_BASELINE	YES	KEEP_BASELINE	Title proxy baseline
GSM7788760	MeDptP38	MeDptP38	MeDIP	cell type: Prostate; chip antibody: MeDIP		ftp://ftp.ncbi.nlm.nih.gov/geo/samples/GSM7788nnn/GSM7788760/suppl/GSM7788760_MeDptP38.bed.gz		MeDptP38	KEEP_PROXY_BASELINE	YES	KEEP_BASELINE	Title proxy baseline
GSM7788761	MeDptP39	MeDptP39	MeDIP	cell type: Prostate; chip antibody: MeDIP		ftp://ftp.ncbi.nlm.nih.gov/geo/samples/GSM7788nnn/GSM7788761/suppl/GSM7788761_MeDptP39.bed.gz		MeDptP39	KEEP_PROXY_BASELINE	YES	KEEP_BASELINE	Title proxy baseline
GSM7788762	MeDptP40	MeDptP40	MeDIP	cell type: Prostate; chip antibody: MeDIP		ftp://ftp.ncbi.nlm.nih.gov/geo/samples/GSM7788nnn/GSM7788762/suppl/GSM7788762_MeDptP40.bed.gz		MeDptP40	KEEP_PROXY_BASELINE	YES	KEEP_BASELINE	Title proxy baseline
GSM7788763	MeDptP41	MeDptP41	MeDIP	cell type: Prostate; chip antibody: MeDIP		ftp://ftp.ncbi.nlm.nih.gov/geo/samples/GSM7788nnn/GSM7788763/suppl/GSM7788763_MeDptP41.bed.gz		MeDptP41	KEEP_PROXY_BASELINE	YES	KEEP_BASELINE	Title proxy baseline
GSM7788764	MeDptP42	MeDptP42	MeDIP	cell type: Prostate; chip antibody: MeDIP		ftp://ftp.ncbi.nlm.nih.gov/geo/samples/GSM7788nnn/GSM7788764/suppl/GSM7788764_MeDptP42.bed.gz		MeDptP42	KEEP_PROXY_BASELINE	YES	KEEP_BASELINE	Title proxy baseline
GSM7788765	MEGS4488	MEGS4488	MeDIP	cell type: Esophageal; chip antibody: MeDIP		ftp://ftp.ncbi.nlm.nih.gov/geo/samples/GSM7788nnn/GSM7788765/suppl/GSM7788765_MEGS4488.bed.gz		MEGS4488	KEEP_PROXY_BASELINE	YES	KEEP_BASELINE	Title proxy baseline
GSM7788793	MESG3726	MESG3726	MeDIP	cell type: Esophageal; chip antibody: MeDIP		ftp://ftp.ncbi.nlm.nih.gov/geo/samples/GSM7788nnn/GSM7788793/suppl/GSM7788793_MESG3726.bed.gz		MESG3726	KEEP_PROXY_BASELINE	YES	KEEP_BASELINE	Title proxy baseline
GSM7788794	MESG3789	MESG3789	MeDIP	cell type: Esophageal; chip antibody: MeDIP		ftp://ftp.ncbi.nlm.nih.gov/geo/samples/GSM7788nnn/GSM7788794/suppl/GSM7788794_MESG3789.bed.gz		MESG3789	KEEP_PROXY_BASELINE	YES	KEEP_BASELINE	Title proxy baseline
GSM7788795	MESG3794	MESG3794	MeDIP	cell type: Esophageal; chip antibody: MeDIP		ftp://ftp.ncbi.nlm.nih.gov/geo/samples/GSM7788nnn/GSM7788795/suppl/GSM7788795_MESG3794.bed.gz		MESG3794	KEEP_PROXY_BASELINE	YES	KEEP_BASELINE	Title proxy baseline
GSM7788796	MESG3801	MESG3801	MeDIP	cell type: Esophageal; chip antibody: MeDIP		ftp://ftp.ncbi.nlm.nih.gov/geo/samples/GSM7788nnn/GSM7788796/suppl/GSM7788796_MESG3801.bed.gz		MESG3801	KEEP_PROXY_BASELINE	YES	KEEP_BASELINE	Title proxy baseline
GSM7788797	MESG3845	MESG3845	MeDIP	cell type: Esophageal; chip antibody: MeDIP		ftp://ftp.ncbi.nlm.nih.gov/geo/samples/GSM7788nnn/GSM7788797/suppl/GSM7788797_MESG3845.bed.gz		MESG3845	KEEP_PROXY_BASELINE	YES	KEEP_BASELINE	Title proxy baseline
GSM7788798	MESG3906	MESG3906	MeDIP	cell type: Esophageal; chip antibody: MeDIP		ftp://ftp.ncbi.nlm.nih.gov/geo/samples/GSM7788nnn/GSM7788798/suppl/GSM7788798_MESG3906.bed.gz		MESG3906	KEEP_PROXY_BASELINE	YES	KEEP_BASELINE	Title proxy baseline
GSM7788799	MESG4206	MESG4206	MeDIP	cell type: Esophageal; chip antibody: MeDIP		ftp://ftp.ncbi.nlm.nih.gov/geo/samples/GSM7788nnn/GSM7788799/suppl/GSM7788799_MESG4206.bed.gz		MESG4206	KEEP_PROXY_BASELINE	YES	KEEP_BASELINE	Title proxy baseline
GSM7788800	MESG4275	MESG4275	MeDIP	cell type: Esophageal; chip antibody: MeDIP		ftp://ftp.ncbi.nlm.nih.gov/geo/samples/GSM7788nnn/GSM7788800/suppl/GSM7788800_MESG4275.bed.gz		MESG4275	KEEP_PROXY_BASELINE	YES	KEEP_BASELINE	Title proxy baseline
GSM7788801	MESG4300	MESG4300	MeDIP	cell type: Esophageal; chip antibody: MeDIP		ftp://ftp.ncbi.nlm.nih.gov/geo/samples/GSM7788nnn/GSM7788801/suppl/GSM7788801_MESG4300.bed.gz		MESG4300	KEEP_PROXY_BASELINE	YES	KEEP_BASELINE	Title proxy baseline
GSM7788802	MESG4325	MESG4325	MeDIP	cell type: Esophageal; chip antibody: MeDIP		ftp://ftp.ncbi.nlm.nih.gov/geo/samples/GSM7788nnn/GSM7788802/suppl/GSM7788802_MESG4325.bed.gz		MESG4325	KEEP_PROXY_BASELINE	YES	KEEP_BASELINE	Title proxy baseline
GSM7788803	MESG4348	MESG4348	MeDIP	cell type: Esophageal; chip antibody: MeDIP		ftp://ftp.ncbi.nlm.nih.gov/geo/samples/GSM7788nnn/GSM7788803/suppl/GSM7788803_MESG4348.bed.gz		MESG4348	KEEP_PROXY_BASELINE	YES	KEEP_BASELINE	Title proxy baseline
GSM7788804	MESG9920	MESG9920	MeDIP	cell type: Colorectal; chip antibody: MeDIP		ftp://ftp.ncbi.nlm.nih.gov/geo/samples/GSM7788nnn/GSM7788804/suppl/GSM7788804_MESG9920.bed.gz		MESG9920	KEEP_PROXY_BASELINE	YES	KEEP_BASELINE	Title proxy baseline
GSM7788805	mEZJFG_TF	mEZJFG_TF	MeDIP	cell type: Breast; chip antibody: MeDIP		ftp://ftp.ncbi.nlm.nih.gov/geo/samples/GSM7788nnn/GSM7788805/suppl/GSM7788805_mEZJFG_TF.bed.gz		mEZJFG_TF	KEEP_PROXY_BASELINE	YES	KEEP_BASELINE	Title proxy baseline
GSM7788806	mH5UBF_TF	mH5UBF_TF	MeDIP	cell type: Breast; chip antibody: MeDIP		ftp://ftp.ncbi.nlm.nih.gov/geo/samples/GSM7788nnn/GSM7788806/suppl/GSM7788806_mH5UBF_TF.bed.gz		mH5UBF_TF	KEEP_PROXY_BASELINE	YES	KEEP_BASELINE	Title proxy baseline
GSM7788809	mHU30E_TF	mHU30E_TF	MeDIP	cell type: Breast; chip antibody: MeDIP		ftp://ftp.ncbi.nlm.nih.gov/geo/samples/GSM7788nnn/GSM7788809/suppl/GSM7788809_mHU30E_TF.bed.gz		mHU30E_TF	KEEP_PROXY_BASELINE	YES	KEEP_BASELINE	Title proxy baseline
GSM7788810	mIGFSE_TF	mIGFSE_TF	MeDIP	cell type: Breast; chip antibody: MeDIP		ftp://ftp.ncbi.nlm.nih.gov/geo/samples/GSM7788nnn/GSM7788810/suppl/GSM7788810_mIGFSE_TF.bed.gz		mIGFSE_TF	KEEP_PROXY_BASELINE	YES	KEEP_BASELINE	Title proxy baseline
GSM7788811	mISIS109_1	mISIS109_1	MeDIP	cell type: Colorectal; chip antibody: MeDIP		ftp://ftp.ncbi.nlm.nih.gov/geo/samples/GSM7788nnn/GSM7788811/suppl/GSM7788811_mISIS109_1.bed.gz		mISIS109_1	KEEP_PROXY_BASELINE	YES	KEEP_BASELINE	Title proxy baseline
GSM7788812	mISIS13_1	mISIS13_1	MeDIP	cell type: Colorectal; chip antibody: MeDIP		ftp://ftp.ncbi.nlm.nih.gov/geo/samples/GSM7788nnn/GSM7788812/suppl/GSM7788812_mISIS13_1.bed.gz		mISIS13_1	KEEP_PROXY_BASELINE	YES	KEEP_BASELINE	Title proxy baseline
GSM7788813	mISIS21_2	mISIS21_2	MeDIP	cell type: Colorectal; chip antibody: MeDIP		ftp://ftp.ncbi.nlm.nih.gov/geo/samples/GSM7788nnn/GSM7788813/suppl/GSM7788813_mISIS21_2.bed.gz		mISIS21_2	KEEP_PROXY_BASELINE	YES	KEEP_BASELINE	Title proxy baseline
GSM7788814	mISIS32_1	mISIS32_1	MeDIP	cell type: Colorectal; chip antibody: MeDIP		ftp://ftp.ncbi.nlm.nih.gov/geo/samples/GSM7788nnn/GSM7788814/suppl/GSM7788814_mISIS32_1.bed.gz		mISIS32_1	KEEP_PROXY_BASELINE	YES	KEEP_BASELINE	Title proxy baseline
GSM7788815	mISIS90_1	mISIS90_1	MeDIP	cell type: Colorectal; chip antibody: MeDIP		ftp://ftp.ncbi.nlm.nih.gov/geo/samples/GSM7788nnn/GSM7788815/suppl/GSM7788815_mISIS90_1.bed.gz		mISIS90_1	KEEP_PROXY_BASELINE	YES	KEEP_BASELINE	Title proxy baseline
GSM7788816	MJH1	MJH1	MeDIP	cell type: Glioma; chip antibody: MeDIP		ftp://ftp.ncbi.nlm.nih.gov/geo/samples/GSM7788nnn/GSM7788816/suppl/GSM7788816_MJH1.bed.gz		MJH1	KEEP_PROXY_BASELINE	YES	KEEP_BASELINE	Title proxy baseline
GSM7788817	MJH10	MJH10	MeDIP	cell type: Glioma; chip antibody: MeDIP		ftp://ftp.ncbi.nlm.nih.gov/geo/samples/GSM7788nnn/GSM7788817/suppl/GSM7788817_MJH10.bed.gz		MJH10	KEEP_PROXY_BASELINE	YES	KEEP_BASELINE	Title proxy baseline
GSM7788818	MJH2	MJH2	MeDIP	cell type: Glioma; chip antibody: MeDIP		ftp://ftp.ncbi.nlm.nih.gov/geo/samples/GSM7788nnn/GSM7788818/suppl/GSM7788818_MJH2.bed.gz		MJH2	KEEP_PROXY_BASELINE	YES	KEEP_BASELINE	Title proxy baseline
GSM7788819	MJH3	MJH3	MeDIP	cell type: Glioma; chip antibody: MeDIP		ftp://ftp.ncbi.nlm.nih.gov/geo/samples/GSM7788nnn/GSM7788819/suppl/GSM7788819_MJH3.bed.gz		MJH3	KEEP_PROXY_BASELINE	YES	KEEP_BASELINE	Title proxy baseline
GSM7788820	MJH4	MJH4	MeDIP	cell type: Glioma; chip antibody: MeDIP		ftp://ftp.ncbi.nlm.nih.gov/geo/samples/GSM7788nnn/GSM7788820/suppl/GSM7788820_MJH4.bed.gz		MJH4	KEEP_PROXY_BASELINE	YES	KEEP_BASELINE	Title proxy baseline
GSM7788821	MJH5	MJH5	MeDIP	cell type: Glioma; chip antibody: MeDIP		ftp://ftp.ncbi.nlm.nih.gov/geo/samples/GSM7788nnn/GSM7788821/suppl/GSM7788821_MJH5.bed.gz		MJH5	KEEP_PROXY_BASELINE	YES	KEEP_BASELINE	Title proxy baseline
GSM7788822	MJH6	MJH6	MeDIP	cell type: Glioma; chip antibody: MeDIP		ftp://ftp.ncbi.nlm.nih.gov/geo/samples/GSM7788nnn/GSM7788822/suppl/GSM7788822_MJH6.bed.gz		MJH6	KEEP_PROXY_BASELINE	YES	KEEP_BASELINE	Title proxy baseline
GSM7788823	MJH7	MJH7	MeDIP	cell type: Glioma; chip antibody: MeDIP		ftp://ftp.ncbi.nlm.nih.gov/geo/samples/GSM7788nnn/GSM7788823/suppl/GSM7788823_MJH7.bed.gz		MJH7	KEEP_PROXY_BASELINE	YES	KEEP_BASELINE	Title proxy baseline
GSM7788824	MJH8	MJH8	MeDIP	cell type: Glioma; chip antibody: MeDIP		ftp://ftp.ncbi.nlm.nih.gov/geo/samples/GSM7788nnn/GSM7788824/suppl/GSM7788824_MJH8.bed.gz		MJH8	KEEP_PROXY_BASELINE	YES	KEEP_BASELINE	Title proxy baseline
GSM7788825	MJH9	MJH9	MeDIP	cell type: Glioma; chip antibody: MeDIP		ftp://ftp.ncbi.nlm.nih.gov/geo/samples/GSM7788nnn/GSM7788825/suppl/GSM7788825_MJH9.bed.gz		MJH9	KEEP_PROXY_BASELINE	YES	KEEP_BASELINE	Title proxy baseline
GSM7788838	mL8WWS_TF	mL8WWS_TF	MeDIP	cell type: Breast; chip antibody: MeDIP		ftp://ftp.ncbi.nlm.nih.gov/geo/samples/GSM7788nnn/GSM7788838/suppl/GSM7788838_mL8WWS_TF.bed.gz		mL8WWS_TF	KEEP_PROXY_BASELINE	YES	KEEP_BASELINE	Title proxy baseline
GSM7788847	mLC25	mLC25	MeDIP	cell type: NSCLC; chip antibody: MeDIP		ftp://ftp.ncbi.nlm.nih.gov/geo/samples/GSM7788nnn/GSM7788847/suppl/GSM7788847_mLC25.bed.gz		mLC25	KEEP_PROXY_BASELINE	YES	KEEP_BASELINE	Title proxy baseline
GSM7788848	mLC33	mLC33	MeDIP	cell type: SCLC; chip antibody: MeDIP		ftp://ftp.ncbi.nlm.nih.gov/geo/samples/GSM7788nnn/GSM7788848/suppl/GSM7788848_mLC33.bed.gz		mLC33	KEEP_PROXY_BASELINE	YES	KEEP_BASELINE	Title proxy baseline
GSM7788851	mLC34	mLC34	MeDIP	cell type: SCLC; chip antibody: MeDIP		ftp://ftp.ncbi.nlm.nih.gov/geo/samples/GSM7788nnn/GSM7788851/suppl/GSM7788851_mLC34.bed.gz		mLC34	KEEP_PROXY_BASELINE	YES	KEEP_BASELINE	Title proxy baseline
GSM7788856	mLCmlf0013	mLCmlf0013	MeDIP	cell type: NSCLC; chip antibody: MeDIP		ftp://ftp.ncbi.nlm.nih.gov/geo/samples/GSM7788nnn/GSM7788856/suppl/GSM7788856_mLCmlf0013.bed.gz		mLCmlf0013	KEEP_PROXY_BASELINE	YES	KEEP_BASELINE	Title proxy baseline
GSM7788857	mLCmlf0014	mLCmlf0014	MeDIP	cell type: NSCLC; chip antibody: MeDIP		ftp://ftp.ncbi.nlm.nih.gov/geo/samples/GSM7788nnn/GSM7788857/suppl/GSM7788857_mLCmlf0014.bed.gz		mLCmlf0014	KEEP_PROXY_BASELINE	YES	KEEP_BASELINE	Title proxy baseline
GSM7788858	mLCmlf0015	mLCmlf0015	MeDIP	cell type: NSCLC; chip antibody: MeDIP		ftp://ftp.ncbi.nlm.nih.gov/geo/samples/GSM7788nnn/GSM7788858/suppl/GSM7788858_mLCmlf0015.bed.gz		mLCmlf0015	KEEP_PROXY_BASELINE	YES	KEEP_BASELINE	Title proxy baseline
GSM7788859	mLCmlf046	mLCmlf046	MeDIP	cell type: Prostate; chip antibody: MeDIP		ftp://ftp.ncbi.nlm.nih.gov/geo/samples/GSM7788nnn/GSM7788859/suppl/GSM7788859_mLCmlf046.bed.gz		mLCmlf046	KEEP_PROXY_BASELINE	YES	KEEP_BASELINE	Title proxy baseline
GSM7788860	mLXE8W_TF	mLXE8W_TF	MeDIP	cell type: Breast; chip antibody: MeDIP		ftp://ftp.ncbi.nlm.nih.gov/geo/samples/GSM7788nnn/GSM7788860/suppl/GSM7788860_mLXE8W_TF.bed.gz		mLXE8W_TF	KEEP_PROXY_BASELINE	YES	KEEP_BASELINE	Title proxy baseline
GSM7788861	mMCC228	mMCC228	MeDIP	cell type: Merkel cell; chip antibody: MeDIP		ftp://ftp.ncbi.nlm.nih.gov/geo/samples/GSM7788nnn/GSM7788861/suppl/GSM7788861_mMCC228.bed.gz		mMCC228	KEEP_PROXY_BASELINE	YES	KEEP_BASELINE	Title proxy baseline
GSM7788862	mMCC240	mMCC240	MeDIP	cell type: Merkel cell; chip antibody: MeDIP		ftp://ftp.ncbi.nlm.nih.gov/geo/samples/GSM7788nnn/GSM7788862/suppl/GSM7788862_mMCC240.bed.gz		mMCC240	KEEP_PROXY_BASELINE	YES	KEEP_BASELINE	Title proxy baseline
GSM7788863	mMCC241	mMCC241	MeDIP	cell type: Merkel cell; chip antibody: MeDIP		ftp://ftp.ncbi.nlm.nih.gov/geo/samples/GSM7788nnn/GSM7788863/suppl/GSM7788863_mMCC241.bed.gz		mMCC241	KEEP_PROXY_BASELINE	YES	KEEP_BASELINE	Title proxy baseline
GSM7788864	mMCC245	mMCC245	MeDIP	cell type: Merkel cell; chip antibody: MeDIP		ftp://ftp.ncbi.nlm.nih.gov/geo/samples/GSM7788nnn/GSM7788864/suppl/GSM7788864_mMCC245.bed.gz		mMCC245	KEEP_PROXY_BASELINE	YES	KEEP_BASELINE	Title proxy baseline
GSM7788865	mMCC253	mMCC253	MeDIP	cell type: Merkel cell; chip antibody: MeDIP		ftp://ftp.ncbi.nlm.nih.gov/geo/samples/GSM7788nnn/GSM7788865/suppl/GSM7788865_mMCC253.bed.gz		mMCC253	KEEP_PROXY_BASELINE	YES	KEEP_BASELINE	Title proxy baseline
GSM7788866	mMCC260	mMCC260	MeDIP	cell type: Merkel cell; chip antibody: MeDIP		ftp://ftp.ncbi.nlm.nih.gov/geo/samples/GSM7788nnn/GSM7788866/suppl/GSM7788866_mMCC260.bed.gz		mMCC260	KEEP_PROXY_BASELINE	YES	KEEP_BASELINE	Title proxy baseline
GSM7788867	mMCC266	mMCC266	MeDIP	cell type: Merkel cell; chip antibody: MeDIP		ftp://ftp.ncbi.nlm.nih.gov/geo/samples/GSM7788nnn/GSM7788867/suppl/GSM7788867_mMCC266.bed.gz		mMCC266	KEEP_PROXY_BASELINE	YES	KEEP_BASELINE	Title proxy baseline
GSM7788868	mMCC270	mMCC270	MeDIP	cell type: Merkel cell; chip antibody: MeDIP		ftp://ftp.ncbi.nlm.nih.gov/geo/samples/GSM7788nnn/GSM7788868/suppl/GSM7788868_mMCC270.bed.gz		mMCC270	KEEP_PROXY_BASELINE	YES	KEEP_BASELINE	Title proxy baseline
GSM7788869	mMCC274	mMCC274	MeDIP	cell type: Merkel cell; chip antibody: MeDIP		ftp://ftp.ncbi.nlm.nih.gov/geo/samples/GSM7788nnn/GSM7788869/suppl/GSM7788869_mMCC274.bed.gz		mMCC274	KEEP_PROXY_BASELINE	YES	KEEP_BASELINE	Title proxy baseline
GSM7788870	mMCC279	mMCC279	MeDIP	cell type: Merkel cell; chip antibody: MeDIP		ftp://ftp.ncbi.nlm.nih.gov/geo/samples/GSM7788nnn/GSM7788870/suppl/GSM7788870_mMCC279.bed.gz		mMCC279	KEEP_PROXY_BASELINE	YES	KEEP_BASELINE	Title proxy baseline
GSM7788871	mMCC284	mMCC284	MeDIP	cell type: Merkel cell; chip antibody: MeDIP		ftp://ftp.ncbi.nlm.nih.gov/geo/samples/GSM7788nnn/GSM7788871/suppl/GSM7788871_mMCC284.bed.gz		mMCC284	KEEP_PROXY_BASELINE	YES	KEEP_BASELINE	Title proxy baseline
GSM7788872	mMCC306	mMCC306	MeDIP	cell type: Merkel cell; chip antibody: MeDIP		ftp://ftp.ncbi.nlm.nih.gov/geo/samples/GSM7788nnn/GSM7788872/suppl/GSM7788872_mMCC306.bed.gz		mMCC306	KEEP_PROXY_BASELINE	YES	KEEP_BASELINE	Title proxy baseline
GSM7788873	mMCC316	mMCC316	MeDIP	cell type: Merkel cell; chip antibody: MeDIP		ftp://ftp.ncbi.nlm.nih.gov/geo/samples/GSM7788nnn/GSM7788873/suppl/GSM7788873_mMCC316.bed.gz		mMCC316	KEEP_PROXY_BASELINE	YES	KEEP_BASELINE	Title proxy baseline
GSM7788874	mMCC323	mMCC323	MeDIP	cell type: Merkel cell; chip antibody: MeDIP		ftp://ftp.ncbi.nlm.nih.gov/geo/samples/GSM7788nnn/GSM7788874/suppl/GSM7788874_mMCC323.bed.gz		mMCC323	KEEP_PROXY_BASELINE	YES	KEEP_BASELINE	Title proxy baseline
GSM7788875	mMCC324	mMCC324	MeDIP	cell type: Merkel cell; chip antibody: MeDIP		ftp://ftp.ncbi.nlm.nih.gov/geo/samples/GSM7788nnn/GSM7788875/suppl/GSM7788875_mMCC324.bed.gz		mMCC324	KEEP_PROXY_BASELINE	YES	KEEP_BASELINE	Title proxy baseline
GSM7788876	mMerk168	mMerk168	MeDIP	cell type: Merkel cell; chip antibody: MeDIP		ftp://ftp.ncbi.nlm.nih.gov/geo/samples/GSM7788nnn/GSM7788876/suppl/GSM7788876_mMerk168.bed.gz		mMerk168	KEEP_PROXY_BASELINE	YES	KEEP_BASELINE	Title proxy baseline
GSM7788877	mMerk197	mMerk197	MeDIP	cell type: Merkel cell; chip antibody: MeDIP		ftp://ftp.ncbi.nlm.nih.gov/geo/samples/GSM7788nnn/GSM7788877/suppl/GSM7788877_mMerk197.bed.gz		mMerk197	KEEP_PROXY_BASELINE	YES	KEEP_BASELINE	Title proxy baseline
GSM7788878	mMerk212	mMerk212	MeDIP	cell type: NEPC; chip antibody: MeDIP		ftp://ftp.ncbi.nlm.nih.gov/geo/samples/GSM7788nnn/GSM7788878/suppl/GSM7788878_mMerk212.bed.gz		mMerk212	KEEP_PROXY_BASELINE	YES	KEEP_BASELINE	Title proxy baseline
GSM7788879	mMerk229	mMerk229	MeDIP	cell type: NEPC; chip antibody: MeDIP		ftp://ftp.ncbi.nlm.nih.gov/geo/samples/GSM7788nnn/GSM7788879/suppl/GSM7788879_mMerk229.bed.gz		mMerk229	KEEP_PROXY_BASELINE	YES	KEEP_BASELINE	Title proxy baseline
GSM7788880	mMGI933_1	mMGI933_1	MeDIP	cell type: Ovarian; chip antibody: MeDIP		ftp://ftp.ncbi.nlm.nih.gov/geo/samples/GSM7788nnn/GSM7788880/suppl/GSM7788880_mMGI933_1.bed.gz		mMGI933_1	KEEP_PROXY_BASELINE	YES	KEEP_BASELINE	Title proxy baseline
GSM7788881	mMGI938_1	mMGI938_1	MeDIP	cell type: Ovarian; chip antibody: MeDIP		ftp://ftp.ncbi.nlm.nih.gov/geo/samples/GSM7788nnn/GSM7788881/suppl/GSM7788881_mMGI938_1.bed.gz		mMGI938_1	KEEP_PROXY_BASELINE	YES	KEEP_BASELINE	Title proxy baseline
GSM7788882	mMGI940_2	mMGI940_2	MeDIP	cell type: Ovarian; chip antibody: MeDIP		ftp://ftp.ncbi.nlm.nih.gov/geo/samples/GSM7788nnn/GSM7788882/suppl/GSM7788882_mMGI940_2.bed.gz		mMGI940_2	KEEP_PROXY_BASELINE	YES	KEEP_BASELINE	Title proxy baseline
GSM7788883	mMGI942_1	mMGI942_1	MeDIP	cell type: Ovarian; chip antibody: MeDIP		ftp://ftp.ncbi.nlm.nih.gov/geo/samples/GSM7788nnn/GSM7788883/suppl/GSM7788883_mMGI942_1.bed.gz		mMGI942_1	KEEP_PROXY_BASELINE	YES	KEEP_BASELINE	Title proxy baseline
GSM7788885	mmPS55_2	mmPS55_2	MeDIP	cell type: NSCLC; chip antibody: MeDIP		ftp://ftp.ncbi.nlm.nih.gov/geo/samples/GSM7788nnn/GSM7788885/suppl/GSM7788885_mmPS55_2.bed.gz		mmPS55_2	KEEP_PROXY_BASELINE	YES	KEEP_BASELINE	Title proxy baseline
GSM7788886	mNEmlf013	mNEmlf013	MeDIP	cell type: Prostate; chip antibody: MeDIP		ftp://ftp.ncbi.nlm.nih.gov/geo/samples/GSM7788nnn/GSM7788886/suppl/GSM7788886_mNEmlf013.bed.gz		mNEmlf013	KEEP_PROXY_BASELINE	YES	KEEP_BASELINE	Title proxy baseline
GSM7788887	mNEmlf014	mNEmlf014	MeDIP	cell type: Prostate; chip antibody: MeDIP		ftp://ftp.ncbi.nlm.nih.gov/geo/samples/GSM7788nnn/GSM7788887/suppl/GSM7788887_mNEmlf014.bed.gz		mNEmlf014	KEEP_PROXY_BASELINE	YES	KEEP_BASELINE	Title proxy baseline
GSM7788888	mNEmlf015	mNEmlf015	MeDIP	cell type: NSCLC; chip antibody: MeDIP		ftp://ftp.ncbi.nlm.nih.gov/geo/samples/GSM7788nnn/GSM7788888/suppl/GSM7788888_mNEmlf015.bed.gz		mNEmlf015	KEEP_PROXY_BASELINE	YES	KEEP_BASELINE	Title proxy baseline
GSM7788889	mNEmlf016	mNEmlf016	MeDIP	cell type: NEPC; chip antibody: MeDIP		ftp://ftp.ncbi.nlm.nih.gov/geo/samples/GSM7788nnn/GSM7788889/suppl/GSM7788889_mNEmlf016.bed.gz		mNEmlf016	KEEP_PROXY_BASELINE	YES	KEEP_BASELINE	Title proxy baseline
GSM7788890	mNEmlf017	mNEmlf017	MeDIP	cell type: NEPC; chip antibody: MeDIP		ftp://ftp.ncbi.nlm.nih.gov/geo/samples/GSM7788nnn/GSM7788890/suppl/GSM7788890_mNEmlf017.bed.gz		mNEmlf017	KEEP_PROXY_BASELINE	YES	KEEP_BASELINE	Title proxy baseline
GSM7788891	mNEmlf019	mNEmlf019	MeDIP	cell type: Merkel cell; chip antibody: MeDIP		ftp://ftp.ncbi.nlm.nih.gov/geo/samples/GSM7788nnn/GSM7788891/suppl/GSM7788891_mNEmlf019.bed.gz		mNEmlf019	KEEP_PROXY_BASELINE	YES	KEEP_BASELINE	Title proxy baseline
GSM7788892	mNEmlf020	mNEmlf020	MeDIP	cell type: Prostate; chip antibody: MeDIP		ftp://ftp.ncbi.nlm.nih.gov/geo/samples/GSM7788nnn/GSM7788892/suppl/GSM7788892_mNEmlf020.bed.gz		mNEmlf020	KEEP_PROXY_BASELINE	YES	KEEP_BASELINE	Title proxy baseline
GSM7788893	mNEmlf021	mNEmlf021	MeDIP	cell type: Hepatocellular; chip antibody: MeDIP		ftp://ftp.ncbi.nlm.nih.gov/geo/samples/GSM7788nnn/GSM7788893/suppl/GSM7788893_mNEmlf021.bed.gz		mNEmlf021	KEEP_PROXY_BASELINE	YES	KEEP_BASELINE	Title proxy baseline
GSM7788894	mNEmlf022	mNEmlf022	MeDIP	cell type: Merkel cell; chip antibody: MeDIP		ftp://ftp.ncbi.nlm.nih.gov/geo/samples/GSM7788nnn/GSM7788894/suppl/GSM7788894_mNEmlf022.bed.gz		mNEmlf022	KEEP_PROXY_BASELINE	YES	KEEP_BASELINE	Title proxy baseline
GSM7788895	MNEPC10a	MNEPC10	MeDIP	cell type: NEPC; chip antibody: MeDIP		ftp://ftp.ncbi.nlm.nih.gov/geo/samples/GSM7788nnn/GSM7788895/suppl/GSM7788895_MNEPC10a.bed.gz		MNEPC10	KEEP_PROXY_BASELINE	YES	KEEP_BASELINE	Title proxy baseline
GSM7788896	MNEPC10b	MNEPC10	MeDIP	cell type: NEPC; chip antibody: MeDIP		ftp://ftp.ncbi.nlm.nih.gov/geo/samples/GSM7788nnn/GSM7788896/suppl/GSM7788896_MNEPC10b.bed.gz		MNEPC10	DUPLICATE_OR_REPEAT_REVIEW	NO	EXCLUDE_REPLICATE_B_SUFFIX	Title proxy: b suffix denotes paired replicate; retain lexicographically first accession
GSM7788897	MNEPC11a	MNEPC11	MeDIP	cell type: NEPC; chip antibody: MeDIP		ftp://ftp.ncbi.nlm.nih.gov/geo/samples/GSM7788nnn/GSM7788897/suppl/GSM7788897_MNEPC11a.bed.gz		MNEPC11	KEEP_PROXY_BASELINE	YES	KEEP_BASELINE	Title proxy baseline
GSM7788898	MNEPC11b	MNEPC11	MeDIP	cell type: NEPC; chip antibody: MeDIP		ftp://ftp.ncbi.nlm.nih.gov/geo/samples/GSM7788nnn/GSM7788898/suppl/GSM7788898_MNEPC11b.bed.gz		MNEPC11	DUPLICATE_OR_REPEAT_REVIEW	NO	EXCLUDE_REPLICATE_B_SUFFIX	Title proxy: b suffix denotes paired replicate; retain lexicographically first accession
GSM7788899	MNEPC12a	MNEPC12	MeDIP	cell type: Prostate; chip antibody: MeDIP		ftp://ftp.ncbi.nlm.nih.gov/geo/samples/GSM7788nnn/GSM7788899/suppl/GSM7788899_MNEPC12a.bed.gz		MNEPC12	KEEP_PROXY_BASELINE	YES	KEEP_BASELINE	Title proxy baseline
GSM7788900	MNEPC12b	MNEPC12	MeDIP	cell type: NEPC; chip antibody: MeDIP		ftp://ftp.ncbi.nlm.nih.gov/geo/samples/GSM7788nnn/GSM7788900/suppl/GSM7788900_MNEPC12b.bed.gz		MNEPC12	KEEP_PROXY_BASELINE	YES	KEEP_BASELINE	Title proxy baseline
GSM7788901	MNEPC3a	MNEPC3	MeDIP	cell type: Small cell bladder; chip antibody: MeDIP		ftp://ftp.ncbi.nlm.nih.gov/geo/samples/GSM7788nnn/GSM7788901/suppl/GSM7788901_MNEPC3a.bed.gz		MNEPC3	KEEP_PROXY_BASELINE	YES	KEEP_BASELINE	Title proxy baseline
GSM7788902	MNEPC3b	MNEPC3	MeDIP	cell type: Small cell bladder; chip antibody: MeDIP		ftp://ftp.ncbi.nlm.nih.gov/geo/samples/GSM7788nnn/GSM7788902/suppl/GSM7788902_MNEPC3b.bed.gz		MNEPC3	DUPLICATE_OR_REPEAT_REVIEW	NO	EXCLUDE_REPLICATE_B_SUFFIX	Title proxy: b suffix denotes paired replicate; retain lexicographically first accession
GSM7788903	MNEPC4a	MNEPC4	MeDIP	cell type: Prostate; chip antibody: MeDIP		ftp://ftp.ncbi.nlm.nih.gov/geo/samples/GSM7788nnn/GSM7788903/suppl/GSM7788903_MNEPC4a.bed.gz		MNEPC4	KEEP_PROXY_BASELINE	YES	KEEP_BASELINE	Title proxy baseline
GSM7788904	MNEPC4b	MNEPC4	MeDIP	cell type: Prostate; chip antibody: MeDIP		ftp://ftp.ncbi.nlm.nih.gov/geo/samples/GSM7788nnn/GSM7788904/suppl/GSM7788904_MNEPC4b.bed.gz		MNEPC4	DUPLICATE_OR_REPEAT_REVIEW	NO	EXCLUDE_REPLICATE_B_SUFFIX	Title proxy: b suffix denotes paired replicate; retain lexicographically first accession
GSM7788905	MNEPC5a	MNEPC5	MeDIP	cell type: Prostate; chip antibody: MeDIP		ftp://ftp.ncbi.nlm.nih.gov/geo/samples/GSM7788nnn/GSM7788905/suppl/GSM7788905_MNEPC5a.bed.gz		MNEPC5	KEEP_PROXY_BASELINE	YES	KEEP_BASELINE	Title proxy baseline
GSM7788906	MNEPC5b	MNEPC5	MeDIP	cell type: Prostate; chip antibody: MeDIP		ftp://ftp.ncbi.nlm.nih.gov/geo/samples/GSM7788nnn/GSM7788906/suppl/GSM7788906_MNEPC5b.bed.gz		MNEPC5	DUPLICATE_OR_REPEAT_REVIEW	NO	EXCLUDE_REPLICATE_B_SUFFIX	Title proxy: b suffix denotes paired replicate; retain lexicographically first accession
GSM7788907	MNEPC6a	MNEPC6	MeDIP	cell type: NEPC; chip antibody: MeDIP		ftp://ftp.ncbi.nlm.nih.gov/geo/samples/GSM7788nnn/GSM7788907/suppl/GSM7788907_MNEPC6a.bed.gz		MNEPC6	KEEP_PROXY_BASELINE	YES	KEEP_BASELINE	Title proxy baseline
GSM7788908	MNEPC6b	MNEPC6	MeDIP	cell type: NEPC; chip antibody: MeDIP		ftp://ftp.ncbi.nlm.nih.gov/geo/samples/GSM7788nnn/GSM7788908/suppl/GSM7788908_MNEPC6b.bed.gz		MNEPC6	DUPLICATE_OR_REPEAT_REVIEW	NO	EXCLUDE_REPLICATE_B_SUFFIX	Title proxy: b suffix denotes paired replicate; retain lexicographically first accession
GSM7788909	MNEPC8a	MNEPC8	MeDIP	cell type: NEPC; chip antibody: MeDIP		ftp://ftp.ncbi.nlm.nih.gov/geo/samples/GSM7788nnn/GSM7788909/suppl/GSM7788909_MNEPC8a.bed.gz		MNEPC8	KEEP_PROXY_BASELINE	YES	KEEP_BASELINE	Title proxy baseline
GSM7788910	MNEPC9a	MNEPC9	MeDIP	cell type: NEPC; chip antibody: MeDIP		ftp://ftp.ncbi.nlm.nih.gov/geo/samples/GSM7788nnn/GSM7788910/suppl/GSM7788910_MNEPC9a.bed.gz		MNEPC9	KEEP_PROXY_BASELINE	YES	KEEP_BASELINE	Title proxy baseline
GSM7788911	MNEPC9b	MNEPC9	MeDIP	cell type: NEPC; chip antibody: MeDIP		ftp://ftp.ncbi.nlm.nih.gov/geo/samples/GSM7788nnn/GSM7788911/suppl/GSM7788911_MNEPC9b.bed.gz		MNEPC9	DUPLICATE_OR_REPEAT_REVIEW	NO	EXCLUDE_REPLICATE_B_SUFFIX	Title proxy: b suffix denotes paired replicate; retain lexicographically first accession
GSM7788912	mNIH_AMP_8_2	mNIH_AMP_8_2	MeDIP	cell type: NSCLC; chip antibody: MeDIP		ftp://ftp.ncbi.nlm.nih.gov/geo/samples/GSM7788nnn/GSM7788912/suppl/GSM7788912_mNIH_AMP_8_2.bed.gz		mNIH_AMP_8_2	KEEP_PROXY_BASELINE	YES	KEEP_BASELINE	Title proxy baseline
GSM7788913	mNIH_PS_36_2	mNIH_PS_36_2	MeDIP	cell type: NEPC; chip antibody: MeDIP		ftp://ftp.ncbi.nlm.nih.gov/geo/samples/GSM7788nnn/GSM7788913/suppl/GSM7788913_mNIH_PS_36_2.bed.gz		mNIH_PS_36_2	KEEP_PROXY_BASELINE	YES	KEEP_BASELINE	Title proxy baseline
GSM7788914	mNIH_PS_7_1	mNIH_PS_7_1	MeDIP	cell type: Colorectal; chip antibody: MeDIP		ftp://ftp.ncbi.nlm.nih.gov/geo/samples/GSM7788nnn/GSM7788914/suppl/GSM7788914_mNIH_PS_7_1.bed.gz		mNIH_PS_7_1	KEEP_PROXY_BASELINE	YES	KEEP_BASELINE	Title proxy baseline
GSM7788915	mNIH_TRC_4_2	mNIH_TRC_4_2	MeDIP	cell type: Prostate; chip antibody: MeDIP		ftp://ftp.ncbi.nlm.nih.gov/geo/samples/GSM7788nnn/GSM7788915/suppl/GSM7788915_mNIH_TRC_4_2.bed.gz		mNIH_TRC_4_2	KEEP_PROXY_BASELINE	YES	KEEP_BASELINE	Title proxy baseline
GSM7788916	mNIH_TRC_7_1	mNIH_TRC_7_1	MeDIP	cell type: Hepatocellular; chip antibody: MeDIP		ftp://ftp.ncbi.nlm.nih.gov/geo/samples/GSM7788nnn/GSM7788916/suppl/GSM7788916_mNIH_TRC_7_1.bed.gz		mNIH_TRC_7_1	KEEP_PROXY_BASELINE	YES	KEEP_BASELINE	Title proxy baseline
GSM7788917	mNIH_TRHC_14_2	mNIH_TRHC_14_2	MeDIP	cell type: Hepatocellular; chip antibody: MeDIP		ftp://ftp.ncbi.nlm.nih.gov/geo/samples/GSM7788nnn/GSM7788917/suppl/GSM7788917_mNIH_TRHC_14_2.bed.gz		mNIH_TRHC_14_2	KEEP_PROXY_BASELINE	YES	KEEP_BASELINE	Title proxy baseline
GSM7788918	mNIH_TRHC_7_2	mNIH_TRHC_7_2	MeDIP	cell type: Prostate; chip antibody: MeDIP		ftp://ftp.ncbi.nlm.nih.gov/geo/samples/GSM7788nnn/GSM7788918/suppl/GSM7788918_mNIH_TRHC_7_2.bed.gz		mNIH_TRHC_7_2	KEEP_PROXY_BASELINE	YES	KEEP_BASELINE	Title proxy baseline
GSM7788927	mPCmlf049	mPCmlf049	MeDIP	cell type: Thymic; chip antibody: MeDIP		ftp://ftp.ncbi.nlm.nih.gov/geo/samples/GSM7788nnn/GSM7788927/suppl/GSM7788927_mPCmlf049.bed.gz		mPCmlf049	KEEP_PROXY_BASELINE	YES	KEEP_BASELINE	Title proxy baseline
GSM7788928	mPCmlf052	mPCmlf052	MeDIP	cell type: Prostate; chip antibody: MeDIP		ftp://ftp.ncbi.nlm.nih.gov/geo/samples/GSM7788nnn/GSM7788928/suppl/GSM7788928_mPCmlf052.bed.gz		mPCmlf052	KEEP_PROXY_BASELINE	YES	KEEP_BASELINE	Title proxy baseline
GSM7788929	mPCmlf066	mPCmlf066	MeDIP	cell type: NEPC; chip antibody: MeDIP		ftp://ftp.ncbi.nlm.nih.gov/geo/samples/GSM7788nnn/GSM7788929/suppl/GSM7788929_mPCmlf066.bed.gz		mPCmlf066	KEEP_PROXY_BASELINE	YES	KEEP_BASELINE	Title proxy baseline
GSM7788930	mPCmlf074	mPCmlf074	MeDIP	cell type: Thymic; chip antibody: MeDIP		ftp://ftp.ncbi.nlm.nih.gov/geo/samples/GSM7788nnn/GSM7788930/suppl/GSM7788930_mPCmlf074.bed.gz		mPCmlf074	KEEP_PROXY_BASELINE	YES	KEEP_BASELINE	Title proxy baseline
GSM7788931	mPCmlf080	mPCmlf080	MeDIP	cell type: Colorectal; chip antibody: MeDIP		ftp://ftp.ncbi.nlm.nih.gov/geo/samples/GSM7788nnn/GSM7788931/suppl/GSM7788931_mPCmlf080.bed.gz		mPCmlf080	KEEP_PROXY_BASELINE	YES	KEEP_BASELINE	Title proxy baseline
GSM7788932	mPCmlf081	mPCmlf081	MeDIP	cell type: SCLC; chip antibody: MeDIP		ftp://ftp.ncbi.nlm.nih.gov/geo/samples/GSM7788nnn/GSM7788932/suppl/GSM7788932_mPCmlf081.bed.gz		mPCmlf081	KEEP_PROXY_BASELINE	YES	KEEP_BASELINE	Title proxy baseline
GSM7788933	mPS12_2	mPS12_2	MeDIP	cell type: NSCLC; chip antibody: MeDIP		ftp://ftp.ncbi.nlm.nih.gov/geo/samples/GSM7788nnn/GSM7788933/suppl/GSM7788933_mPS12_2.bed.gz		mPS12_2	KEEP_PROXY_BASELINE	YES	KEEP_BASELINE	Title proxy baseline
GSM7788934	mPS122_2	mPS122_2	MeDIP	cell type: NSCLC; chip antibody: MeDIP		ftp://ftp.ncbi.nlm.nih.gov/geo/samples/GSM7788nnn/GSM7788934/suppl/GSM7788934_mPS122_2.bed.gz		mPS122_2	KEEP_PROXY_BASELINE	YES	KEEP_BASELINE	Title proxy baseline
GSM7788935	mPS154_2	mPS154_2	MeDIP	cell type: NSCLC; chip antibody: MeDIP		ftp://ftp.ncbi.nlm.nih.gov/geo/samples/GSM7788nnn/GSM7788935/suppl/GSM7788935_mPS154_2.bed.gz		mPS154_2	KEEP_PROXY_BASELINE	YES	KEEP_BASELINE	Title proxy baseline
GSM7788936	mPS173_2	mPS173_2	MeDIP	cell type: NSCLC; chip antibody: MeDIP		ftp://ftp.ncbi.nlm.nih.gov/geo/samples/GSM7788nnn/GSM7788936/suppl/GSM7788936_mPS173_2.bed.gz		mPS173_2	KEEP_PROXY_BASELINE	YES	KEEP_BASELINE	Title proxy baseline
GSM7788937	mPS197_2	mPS197_2	MeDIP	cell type: NSCLC; chip antibody: MeDIP		ftp://ftp.ncbi.nlm.nih.gov/geo/samples/GSM7788nnn/GSM7788937/suppl/GSM7788937_mPS197_2.bed.gz		mPS197_2	KEEP_PROXY_BASELINE	YES	KEEP_BASELINE	Title proxy baseline
GSM7788938	mPS219_2	mPS219_2	MeDIP	cell type: NSCLC; chip antibody: MeDIP		ftp://ftp.ncbi.nlm.nih.gov/geo/samples/GSM7788nnn/GSM7788938/suppl/GSM7788938_mPS219_2.bed.gz		mPS219_2	KEEP_PROXY_BASELINE	YES	KEEP_BASELINE	Title proxy baseline
GSM7788939	mPS245_2	mPS245_2	MeDIP	cell type: NSCLC; chip antibody: MeDIP		ftp://ftp.ncbi.nlm.nih.gov/geo/samples/GSM7788nnn/GSM7788939/suppl/GSM7788939_mPS245_2.bed.gz		mPS245_2	KEEP_PROXY_BASELINE	YES	KEEP_BASELINE	Title proxy baseline
GSM7788940	mPS248_2	mPS248_2	MeDIP	cell type: NSCLC; chip antibody: MeDIP		ftp://ftp.ncbi.nlm.nih.gov/geo/samples/GSM7788nnn/GSM7788940/suppl/GSM7788940_mPS248_2.bed.gz		mPS248_2	KEEP_PROXY_BASELINE	YES	KEEP_BASELINE	Title proxy baseline
GSM7788941	mPS75_2	mPS75_2	MeDIP	cell type: NSCLC; chip antibody: MeDIP		ftp://ftp.ncbi.nlm.nih.gov/geo/samples/GSM7788nnn/GSM7788941/suppl/GSM7788941_mPS75_2.bed.gz		mPS75_2	KEEP_PROXY_BASELINE	YES	KEEP_BASELINE	Title proxy baseline
GSM7788942	mPS96_2	mPS96_2	MeDIP	cell type: NSCLC; chip antibody: MeDIP		ftp://ftp.ncbi.nlm.nih.gov/geo/samples/GSM7788nnn/GSM7788942/suppl/GSM7788942_mPS96_2.bed.gz		mPS96_2	KEEP_PROXY_BASELINE	YES	KEEP_BASELINE	Title proxy baseline
GSM7788943	mSMAC11_2	mSMAC11_2	MeDIP	cell type: Ovarian; chip antibody: MeDIP		ftp://ftp.ncbi.nlm.nih.gov/geo/samples/GSM7788nnn/GSM7788943/suppl/GSM7788943_mSMAC11_2.bed.gz		mSMAC11_2	KEEP_PROXY_BASELINE	YES	KEEP_BASELINE	Title proxy baseline
GSM7788944	mSMAC16_2	mSMAC16_2	MeDIP	cell type: Ovarian; chip antibody: MeDIP		ftp://ftp.ncbi.nlm.nih.gov/geo/samples/GSM7788nnn/GSM7788944/suppl/GSM7788944_mSMAC16_2.bed.gz		mSMAC16_2	KEEP_PROXY_BASELINE	YES	KEEP_BASELINE	Title proxy baseline
GSM7788945	mSMAC23_2	mSMAC23_2	MeDIP	cell type: Ovarian; chip antibody: MeDIP		ftp://ftp.ncbi.nlm.nih.gov/geo/samples/GSM7788nnn/GSM7788945/suppl/GSM7788945_mSMAC23_2.bed.gz		mSMAC23_2	KEEP_PROXY_BASELINE	YES	KEEP_BASELINE	Title proxy baseline
GSM7788946	mSMAC5_2	mSMAC5_2	MeDIP	cell type: Ovarian; chip antibody: MeDIP		ftp://ftp.ncbi.nlm.nih.gov/geo/samples/GSM7788nnn/GSM7788946/suppl/GSM7788946_mSMAC5_2.bed.gz		mSMAC5_2	KEEP_PROXY_BASELINE	YES	KEEP_BASELINE	Title proxy baseline
GSM7788947	mTRC11_1	mTRC11_1	MeDIP	cell type: Prostate; chip antibody: MeDIP		ftp://ftp.ncbi.nlm.nih.gov/geo/samples/GSM7788nnn/GSM7788947/suppl/GSM7788947_mTRC11_1.bed.gz		mTRC11_1	KEEP_PROXY_BASELINE	YES	KEEP_BASELINE	Title proxy baseline
GSM7788948	mTRC23_1	mTRC23_1	MeDIP	cell type: Prostate; chip antibody: MeDIP		ftp://ftp.ncbi.nlm.nih.gov/geo/samples/GSM7788nnn/GSM7788948/suppl/GSM7788948_mTRC23_1.bed.gz		mTRC23_1	KEEP_PROXY_BASELINE	YES	KEEP_BASELINE	Title proxy baseline
GSM7788949	mTRC25_1	mTRC25_1	MeDIP	cell type: Prostate; chip antibody: MeDIP		ftp://ftp.ncbi.nlm.nih.gov/geo/samples/GSM7788nnn/GSM7788949/suppl/GSM7788949_mTRC25_1.bed.gz		mTRC25_1	KEEP_PROXY_BASELINE	YES	KEEP_BASELINE	Title proxy baseline
GSM7788950	mTRC30_1	mTRC30_1	MeDIP	cell type: Prostate; chip antibody: MeDIP		ftp://ftp.ncbi.nlm.nih.gov/geo/samples/GSM7788nnn/GSM7788950/suppl/GSM7788950_mTRC30_1.bed.gz		mTRC30_1	KEEP_PROXY_BASELINE	YES	KEEP_BASELINE	Title proxy baseline
GSM7788951	mTRC40_1	mTRC40_1	MeDIP	cell type: Prostate; chip antibody: MeDIP		ftp://ftp.ncbi.nlm.nih.gov/geo/samples/GSM7788nnn/GSM7788951/suppl/GSM7788951_mTRC40_1.bed.gz		mTRC40_1	KEEP_PROXY_BASELINE	YES	KEEP_BASELINE	Title proxy baseline
GSM7788952	mTRC42_1	mTRC42_1	MeDIP	cell type: Prostate; chip antibody: MeDIP		ftp://ftp.ncbi.nlm.nih.gov/geo/samples/GSM7788nnn/GSM7788952/suppl/GSM7788952_mTRC42_1.bed.gz		mTRC42_1	KEEP_PROXY_BASELINE	YES	KEEP_BASELINE	Title proxy baseline
GSM7788953	mTRC53_1	mTRC53_1	MeDIP	cell type: Prostate; chip antibody: MeDIP		ftp://ftp.ncbi.nlm.nih.gov/geo/samples/GSM7788nnn/GSM7788953/suppl/GSM7788953_mTRC53_1.bed.gz		mTRC53_1	KEEP_PROXY_BASELINE	YES	KEEP_BASELINE	Title proxy baseline
GSM7788954	mTRC61_2	mTRC61_2	MeDIP	cell type: Prostate; chip antibody: MeDIP		ftp://ftp.ncbi.nlm.nih.gov/geo/samples/GSM7788nnn/GSM7788954/suppl/GSM7788954_mTRC61_2.bed.gz		mTRC61_2	KEEP_PROXY_BASELINE	YES	KEEP_BASELINE	Title proxy baseline
GSM7788955	mTRC67_2	mTRC67_2	MeDIP	cell type: Prostate; chip antibody: MeDIP		ftp://ftp.ncbi.nlm.nih.gov/geo/samples/GSM7788nnn/GSM7788955/suppl/GSM7788955_mTRC67_2.bed.gz		mTRC67_2	KEEP_PROXY_BASELINE	YES	KEEP_BASELINE	Title proxy baseline
GSM7788956	mTRC78_1	mTRC78_1	MeDIP	cell type: Prostate; chip antibody: MeDIP		ftp://ftp.ncbi.nlm.nih.gov/geo/samples/GSM7788nnn/GSM7788956/suppl/GSM7788956_mTRC78_1.bed.gz		mTRC78_1	KEEP_PROXY_BASELINE	YES	KEEP_BASELINE	Title proxy baseline
GSM7788957	mTRC84_2	mTRC84_2	MeDIP	cell type: Prostate; chip antibody: MeDIP		ftp://ftp.ncbi.nlm.nih.gov/geo/samples/GSM7788nnn/GSM7788957/suppl/GSM7788957_mTRC84_2.bed.gz		mTRC84_2	KEEP_PROXY_BASELINE	YES	KEEP_BASELINE	Title proxy baseline
GSM7788958	mTRHC101_2	mTRHC101_2	MeDIP	cell type: Hepatocellular; chip antibody: MeDIP		ftp://ftp.ncbi.nlm.nih.gov/geo/samples/GSM7788nnn/GSM7788958/suppl/GSM7788958_mTRHC101_2.bed.gz		mTRHC101_2	KEEP_PROXY_BASELINE	YES	KEEP_BASELINE	Title proxy baseline
GSM7788959	mTRHC103_2	mTRHC103_2	MeDIP	cell type: Hepatocellular; chip antibody: MeDIP		ftp://ftp.ncbi.nlm.nih.gov/geo/samples/GSM7788nnn/GSM7788959/suppl/GSM7788959_mTRHC103_2.bed.gz		mTRHC103_2	KEEP_PROXY_BASELINE	YES	KEEP_BASELINE	Title proxy baseline
GSM7788960	mTRHC128_2	mTRHC128_2	MeDIP	cell type: Hepatocellular; chip antibody: MeDIP		ftp://ftp.ncbi.nlm.nih.gov/geo/samples/GSM7788nnn/GSM7788960/suppl/GSM7788960_mTRHC128_2.bed.gz		mTRHC128_2	KEEP_PROXY_BASELINE	YES	KEEP_BASELINE	Title proxy baseline
GSM7788961	mTRHC25_2	mTRHC25_2	MeDIP	cell type: Hepatocellular; chip antibody: MeDIP		ftp://ftp.ncbi.nlm.nih.gov/geo/samples/GSM7788nnn/GSM7788961/suppl/GSM7788961_mTRHC25_2.bed.gz		mTRHC25_2	KEEP_PROXY_BASELINE	YES	KEEP_BASELINE	Title proxy baseline
GSM7788962	mTRHC33_2	mTRHC33_2	MeDIP	cell type: Hepatocellular; chip antibody: MeDIP		ftp://ftp.ncbi.nlm.nih.gov/geo/samples/GSM7788nnn/GSM7788962/suppl/GSM7788962_mTRHC33_2.bed.gz		mTRHC33_2	KEEP_PROXY_BASELINE	YES	KEEP_BASELINE	Title proxy baseline
GSM7788963	mTRHC47_1	mTRHC47_1	MeDIP	cell type: Hepatocellular; chip antibody: MeDIP		ftp://ftp.ncbi.nlm.nih.gov/geo/samples/GSM7788nnn/GSM7788963/suppl/GSM7788963_mTRHC47_1.bed.gz		mTRHC47_1	KEEP_PROXY_BASELINE	YES	KEEP_BASELINE	Title proxy baseline
GSM7788964	mTRHC54_2	mTRHC54_2	MeDIP	cell type: Hepatocellular; chip antibody: MeDIP		ftp://ftp.ncbi.nlm.nih.gov/geo/samples/GSM7788nnn/GSM7788964/suppl/GSM7788964_mTRHC54_2.bed.gz		mTRHC54_2	KEEP_PROXY_BASELINE	YES	KEEP_BASELINE	Title proxy baseline
GSM7788965	mTRHC66_2	mTRHC66_2	MeDIP	cell type: Hepatocellular; chip antibody: MeDIP		ftp://ftp.ncbi.nlm.nih.gov/geo/samples/GSM7788nnn/GSM7788965/suppl/GSM7788965_mTRHC66_2.bed.gz		mTRHC66_2	KEEP_PROXY_BASELINE	YES	KEEP_BASELINE	Title proxy baseline
GSM7788966	mTRHC68_2	mTRHC68_2	MeDIP	cell type: Hepatocellular; chip antibody: MeDIP		ftp://ftp.ncbi.nlm.nih.gov/geo/samples/GSM7788nnn/GSM7788966/suppl/GSM7788966_mTRHC68_2.bed.gz		mTRHC68_2	KEEP_PROXY_BASELINE	YES	KEEP_BASELINE	Title proxy baseline
GSM7788967	mTRHC82_2	mTRHC82_2	MeDIP	cell type: Hepatocellular; chip antibody: MeDIP		ftp://ftp.ncbi.nlm.nih.gov/geo/samples/GSM7788nnn/GSM7788967/suppl/GSM7788967_mTRHC82_2.bed.gz		mTRHC82_2	KEEP_PROXY_BASELINE	YES	KEEP_BASELINE	Title proxy baseline
GSM7788968	mTRHC88_2	mTRHC88_2	MeDIP	cell type: Hepatocellular; chip antibody: MeDIP		ftp://ftp.ncbi.nlm.nih.gov/geo/samples/GSM7788nnn/GSM7788968/suppl/GSM7788968_mTRHC88_2.bed.gz		mTRHC88_2	KEEP_PROXY_BASELINE	YES	KEEP_BASELINE	Title proxy baseline
