cohort	material	sample_id	group	frozen_score	positive_label	auc
D	cfDNA	cfDNA_control_1	healthy	0.83269624500435	0	0.663333333333333
D	cfDNA	cfDNA_control_2	healthy	0.0164851551638321	0	0.663333333333333
D	cfDNA	cfDNA_control_3	healthy	0.512265149801051	0	0.663333333333333
D	cfDNA	cfDNA_control_4	healthy	0.938681328410187	0	0.663333333333333
D	cfDNA	cfDNA_control_5	healthy	0.887539105909419	0	0.663333333333333
D	cfDNA	cfDNA_control_6	healthy	0.268466927672495	0	0.663333333333333
D	cfDNA	cfDNA_control_7	healthy	0.864316694323341	0	0.663333333333333
D	cfDNA	cfDNA_control_8	healthy	0.00152699620689123	0	0.663333333333333
D	cfDNA	cfDNA_control_9	healthy	0.998993485507841	0	0.663333333333333
D	cfDNA	cfDNA_control_10	healthy	0.984492312300893	0	0.663333333333333
D	cfDNA	cfDNA_control_11	healthy	0.609396252464685	0	0.663333333333333
D	cfDNA	cfDNA_control_12	healthy	0.0962638208712373	0	0.663333333333333
D	cfDNA	cfDNA_control_13	healthy	0.805196149049305	0	0.663333333333333
D	cfDNA	cfDNA_control_14	healthy	0.0395975433850755	0	0.663333333333333
D	cfDNA	cfDNA_control_15	healthy	0.932701948158209	0	0.663333333333333
D	cfDNA	cfDNA_control_16	healthy	2.911389951735e-06	0	0.663333333333333
D	cfDNA	cfDNA_control_17	healthy	7.87799859512457e-15	0	0.663333333333333
D	cfDNA	cfDNA_control_18	healthy	0.71028392864388	0	0.663333333333333
D	cfDNA	cfDNA_control_19	healthy	0.00336832500305262	0	0.663333333333333
D	cfDNA	cfDNA_control_20	healthy	0.728895941784766	0	0.663333333333333
D	cfDNA	cfDNA_patient_1_diagnosis	HNSCC	0.000581538452087065	1	0.663333333333333
D	cfDNA	cfDNA_patient_2_diagnosis	HNSCC	0.841155540673432	1	0.663333333333333
D	cfDNA	cfDNA_patient_3_BL	HNSCC	0.731196845194244	1	0.663333333333333
D	cfDNA	cfDNA_patient_4_diagnosis	HNSCC	0.863110318403902	1	0.663333333333333
D	cfDNA	cfDNA_patient_5_diagnosis	HNSCC	0.796264579252455	1	0.663333333333333
D	cfDNA	cfDNA_patient_6_diagnosis	HNSCC	0.740696555378354	1	0.663333333333333
D	cfDNA	cfDNA_patient_7_diagnosis	HNSCC	0.863448040803182	1	0.663333333333333
D	cfDNA	cfDNA_patient_8_diagnosis	HNSCC	0.980252970900561	1	0.663333333333333
D	cfDNA	cfDNA_patient_9_diagnosis	HNSCC	0.0637578561613083	1	0.663333333333333
D	cfDNA	cfDNA_patient_10_diagnosis	HNSCC	0.974784047833634	1	0.663333333333333
D	cfDNA	cfDNA_patient_11_diagnosis	HNSCC	0.973881746485846	1	0.663333333333333
D	cfDNA	cfDNA_patient_12_diagnosis	HNSCC	0.971549218640241	1	0.663333333333333
D	cfDNA	cfDNA_patient_13_diagnosis	HNSCC	0.987202124587941	1	0.663333333333333
D	cfDNA	cfDNA_patient_14_diagnosis	HNSCC	0.0855238266464777	1	0.663333333333333
D	cfDNA	cfDNA_patient_15_diagnosis	HNSCC	0.998507719511705	1	0.663333333333333
D	cfDNA	cfDNA_patient_16_diagnosis	HNSCC	0.742843055662486	1	0.663333333333333
D	cfDNA	cfDNA_patient_17_diagnosis	HNSCC	0.998170336347778	1	0.663333333333333
D	cfDNA	cfDNA_patient_18_diagnosis	HNSCC	4.69605899683216e-09	1	0.663333333333333
D	cfDNA	cfDNA_patient_19_diagnosis	HNSCC	0.654003788596403	1	0.663333333333333
D	cfDNA	cfDNA_patient_20_diagnosis	HNSCC	0.992855911631426	1	0.663333333333333
D	cfDNA	cfDNA_patient_21_diagnosis	HNSCC	0.211171501982921	1	0.663333333333333
D	cfDNA	cfDNA_patient_22_diagnosis	HNSCC	0.999083426297008	1	0.663333333333333
D	cfDNA	cfDNA_patient_23_diagnosis	HNSCC	0.938317743371045	1	0.663333333333333
D	cfDNA	cfDNA_patient_24_diagnosis	HNSCC	0.873848802333589	1	0.663333333333333
D	cfDNA	cfDNA_patient_25_diagnosis	HNSCC	0.00511533517806341	1	0.663333333333333
D	cfDNA	cfDNA_patient_26_diagnosis	HNSCC	0.847735851079915	1	0.663333333333333
D	cfDNA	cfDNA_patient_27_diagnosis	HNSCC	0.742872899708897	1	0.663333333333333
D	cfDNA	cfDNA_patient_28_diagnosis	HNSCC	0.999759464551984	1	0.663333333333333
D	cfDNA	cfDNA_patient_29_diagnosis	HNSCC	0.963603294001977	1	0.663333333333333
D	cfDNA	cfDNA_patient_30_diagnosis	HNSCC	0.474895371943931	1	0.663333333333333
D	PBL	PBL_control_1	healthy	6.97482367515782e-07	0	0.507017543859649
D	PBL	PBL_control_2	healthy	0.8142562604874	0	0.507017543859649
D	PBL	PBL_control_3	healthy	4.95091736425965e-05	0	0.507017543859649
D	PBL	PBL_control_4	healthy	0.00563134150535958	0	0.507017543859649
D	PBL	PBL_control_5	healthy	1.09829690913249e-06	0	0.507017543859649
D	PBL	PBL_control_6	healthy	5.74541191957355e-19	0	0.507017543859649
D	PBL	PBL_control_7	healthy	6.81350601112908e-10	0	0.507017543859649
D	PBL	PBL_control_8	healthy	0.564106591573773	0	0.507017543859649
D	PBL	PBL_control_9	healthy	5.38853301131348e-07	0	0.507017543859649
D	PBL	PBL_control_10	healthy	0.000342953569869683	0	0.507017543859649
D	PBL	PBL_control_11	healthy	6.17156598320338e-12	0	0.507017543859649
D	PBL	PBL_control_12	healthy	4.14543519057727e-15	0	0.507017543859649
D	PBL	PBL_control_13	healthy	3.5229840506948e-07	0	0.507017543859649
D	PBL	PBL_control_14	healthy	7.90816824571751e-09	0	0.507017543859649
D	PBL	PBL_control_15	healthy	5.31735029642858e-16	0	0.507017543859649
D	PBL	PBL_control_16	healthy	7.05703389081114e-13	0	0.507017543859649
D	PBL	PBL_control_17	healthy	2.54231800225928e-07	0	0.507017543859649
D	PBL	PBL_control_18	healthy	2.41988862871856e-12	0	0.507017543859649
D	PBL	PBL_control_19	healthy	6.05104644382239e-21	0	0.507017543859649
D	PBL	PBL_patient_1_diagnosis	HNSCC	2.86863157129393e-05	1	0.507017543859649
D	PBL	PBL_patient_2_diagnosis	HNSCC	1.14777979244487e-05	1	0.507017543859649
D	PBL	PBL_patient_3_diagnosis	HNSCC	1.4729636953224e-14	1	0.507017543859649
D	PBL	PBL_patient_4_diagnosis	HNSCC	0.000136584815375917	1	0.507017543859649
D	PBL	PBL_patient_5_diagnosis	HNSCC	3.30123556962748e-14	1	0.507017543859649
D	PBL	PBL_patient_6_diagnosis	HNSCC	1.40637127642227e-11	1	0.507017543859649
D	PBL	PBL_patient_7_diagnosis	HNSCC	6.32744413590634e-13	1	0.507017543859649
D	PBL	PBL_patient_8_diagnosis	HNSCC	3.25495317178908e-08	1	0.507017543859649
D	PBL	PBL_patient_9_diagnosis	HNSCC	2.84697233752267e-08	1	0.507017543859649
D	PBL	PBL_patient_10_diagnosis	HNSCC	8.21134044184911e-14	1	0.507017543859649
D	PBL	PBL_patient_11_diagnosis	HNSCC	5.96072988789605e-11	1	0.507017543859649
D	PBL	PBL_patient_12_diagnosis	HNSCC	2.92832749235666e-10	1	0.507017543859649
D	PBL	PBL_patient_13_diagnosis	HNSCC	2.95942291852035e-16	1	0.507017543859649
D	PBL	PBL_patient_14_diagnosis	HNSCC	5.57274023537554e-24	1	0.507017543859649
D	PBL	PBL_patient_15_diagnosis	HNSCC	1.5825384376083e-13	1	0.507017543859649
D	PBL	PBL_patient_16_diagnosis	HNSCC	0.00638948371290193	1	0.507017543859649
D	PBL	PBL_patient_17_diagnosis	HNSCC	0.0669346032997614	1	0.507017543859649
D	PBL	PBL_patient_18_diagnosis	HNSCC	1.76709801071301e-14	1	0.507017543859649
D	PBL	PBL_patient_19_diagnosis	HNSCC	0.0114562754329886	1	0.507017543859649
D	PBL	PBL_patient_20_diagnosis	HNSCC	1.09854158521537e-09	1	0.507017543859649
D	PBL	PBL_patient_21_diagnosis	HNSCC	0.000218494457606563	1	0.507017543859649
D	PBL	PBL_patient_22_diagnosis	HNSCC	3.62812965245721e-07	1	0.507017543859649
D	PBL	PBL_patient_23_diagnosis	HNSCC	1.58100339610736e-10	1	0.507017543859649
D	PBL	PBL_patient_24_diagnosis	HNSCC	0.269943340205676	1	0.507017543859649
D	PBL	PBL_patient_25_diagnosis	HNSCC	1.97461891576889e-18	1	0.507017543859649
D	PBL	PBL_patient_26_diagnosis	HNSCC	0.369158328677775	1	0.507017543859649
D	PBL	PBL_patient_27_diagnosis	HNSCC	0.000290467901495665	1	0.507017543859649
D	PBL	PBL_patient_28_diagnosis	HNSCC	0.000221705988470515	1	0.507017543859649
D	PBL	PBL_patient_29_diagnosis	HNSCC	8.12537859179679e-09	1	0.507017543859649
D	PBL	PBL_patient_30_diagnosis	HNSCC	1.14691584673338e-06	1	0.507017543859649
