material	sample_id	positive_label	strategy	score	auc
cfDNA	cfDNA_control_1	0	Conventional	2.24183591620282	0.493333333333333
cfDNA	cfDNA_control_2	0	Conventional	2.37534484855976	0.493333333333333
cfDNA	cfDNA_control_3	0	Conventional	2.2761150912324	0.493333333333333
cfDNA	cfDNA_control_4	0	Conventional	2.3307774700256	0.493333333333333
cfDNA	cfDNA_control_5	0	Conventional	2.93311330647729	0.493333333333333
cfDNA	cfDNA_control_6	0	Conventional	1.79952413545657	0.493333333333333
cfDNA	cfDNA_control_7	0	Conventional	2.59041805439309	0.493333333333333
cfDNA	cfDNA_control_8	0	Conventional	2.49498689623829	0.493333333333333
cfDNA	cfDNA_control_9	0	Conventional	2.49291561463614	0.493333333333333
cfDNA	cfDNA_control_10	0	Conventional	2.59852961453029	0.493333333333333
cfDNA	cfDNA_control_11	0	Conventional	2.41906916088277	0.493333333333333
cfDNA	cfDNA_control_12	0	Conventional	2.50844483806239	0.493333333333333
cfDNA	cfDNA_control_13	0	Conventional	2.54515296224826	0.493333333333333
cfDNA	cfDNA_control_14	0	Conventional	2.65283559702641	0.493333333333333
cfDNA	cfDNA_control_15	0	Conventional	2.27646745025999	0.493333333333333
cfDNA	cfDNA_control_16	0	Conventional	2.78254233115611	0.493333333333333
cfDNA	cfDNA_control_17	0	Conventional	2.13523934726894	0.493333333333333
cfDNA	cfDNA_control_18	0	Conventional	2.42533761650399	0.493333333333333
cfDNA	cfDNA_control_19	0	Conventional	2.4512990399672	0.493333333333333
cfDNA	cfDNA_control_20	0	Conventional	2.64692999808744	0.493333333333333
cfDNA	cfDNA_patient_1_diagnosis	1	Conventional	2.2080192341686	0.493333333333333
cfDNA	cfDNA_patient_2_diagnosis	1	Conventional	2.2516140300371	0.493333333333333
cfDNA	cfDNA_patient_3_BL	1	Conventional	2.52601970413961	0.493333333333333
cfDNA	cfDNA_patient_4_diagnosis	1	Conventional	2.16779345852187	0.493333333333333
cfDNA	cfDNA_patient_5_diagnosis	1	Conventional	2.15356493509258	0.493333333333333
cfDNA	cfDNA_patient_6_diagnosis	1	Conventional	2.4483361952651	0.493333333333333
cfDNA	cfDNA_patient_7_diagnosis	1	Conventional	2.27295885612739	0.493333333333333
cfDNA	cfDNA_patient_8_diagnosis	1	Conventional	2.43038220875354	0.493333333333333
cfDNA	cfDNA_patient_9_diagnosis	1	Conventional	2.44110375637567	0.493333333333333
cfDNA	cfDNA_patient_10_diagnosis	1	Conventional	2.13250778835825	0.493333333333333
cfDNA	cfDNA_patient_11_diagnosis	1	Conventional	2.74444859223336	0.493333333333333
cfDNA	cfDNA_patient_12_diagnosis	1	Conventional	2.51796945761756	0.493333333333333
cfDNA	cfDNA_patient_13_diagnosis	1	Conventional	2.42919323496518	0.493333333333333
cfDNA	cfDNA_patient_14_diagnosis	1	Conventional	2.12884862678305	0.493333333333333
cfDNA	cfDNA_patient_15_diagnosis	1	Conventional	2.5375124465682	0.493333333333333
cfDNA	cfDNA_patient_16_diagnosis	1	Conventional	2.15147358989568	0.493333333333333
cfDNA	cfDNA_patient_17_diagnosis	1	Conventional	2.8417210939036	0.493333333333333
cfDNA	cfDNA_patient_18_diagnosis	1	Conventional	2.39992480907231	0.493333333333333
cfDNA	cfDNA_patient_19_diagnosis	1	Conventional	2.59492761006809	0.493333333333333
cfDNA	cfDNA_patient_20_diagnosis	1	Conventional	2.335427518122	0.493333333333333
cfDNA	cfDNA_patient_21_diagnosis	1	Conventional	2.2484181970875	0.493333333333333
cfDNA	cfDNA_patient_22_diagnosis	1	Conventional	3.19183886267149	0.493333333333333
cfDNA	cfDNA_patient_23_diagnosis	1	Conventional	2.87468753181918	0.493333333333333
cfDNA	cfDNA_patient_24_diagnosis	1	Conventional	2.33876649401219	0.493333333333333
cfDNA	cfDNA_patient_25_diagnosis	1	Conventional	2.64684082405766	0.493333333333333
cfDNA	cfDNA_patient_26_diagnosis	1	Conventional	2.38059896450426	0.493333333333333
cfDNA	cfDNA_patient_27_diagnosis	1	Conventional	2.5988133290856	0.493333333333333
cfDNA	cfDNA_patient_28_diagnosis	1	Conventional	2.72591428643482	0.493333333333333
cfDNA	cfDNA_patient_29_diagnosis	1	Conventional	2.70374170016504	0.493333333333333
cfDNA	cfDNA_patient_30_diagnosis	1	Conventional	2.65246261700146	0.493333333333333
cfDNA	cfDNA_control_1	0	Locked (A/B model)	0.83269624500435	0.663333333333333
cfDNA	cfDNA_control_2	0	Locked (A/B model)	0.0164851551638321	0.663333333333333
cfDNA	cfDNA_control_3	0	Locked (A/B model)	0.512265149801051	0.663333333333333
cfDNA	cfDNA_control_4	0	Locked (A/B model)	0.938681328410187	0.663333333333333
cfDNA	cfDNA_control_5	0	Locked (A/B model)	0.887539105909419	0.663333333333333
cfDNA	cfDNA_control_6	0	Locked (A/B model)	0.268466927672495	0.663333333333333
cfDNA	cfDNA_control_7	0	Locked (A/B model)	0.864316694323341	0.663333333333333
cfDNA	cfDNA_control_8	0	Locked (A/B model)	0.00152699620689123	0.663333333333333
cfDNA	cfDNA_control_9	0	Locked (A/B model)	0.998993485507841	0.663333333333333
cfDNA	cfDNA_control_10	0	Locked (A/B model)	0.984492312300893	0.663333333333333
cfDNA	cfDNA_control_11	0	Locked (A/B model)	0.609396252464685	0.663333333333333
cfDNA	cfDNA_control_12	0	Locked (A/B model)	0.0962638208712373	0.663333333333333
cfDNA	cfDNA_control_13	0	Locked (A/B model)	0.805196149049305	0.663333333333333
cfDNA	cfDNA_control_14	0	Locked (A/B model)	0.0395975433850755	0.663333333333333
cfDNA	cfDNA_control_15	0	Locked (A/B model)	0.932701948158209	0.663333333333333
cfDNA	cfDNA_control_16	0	Locked (A/B model)	2.911389951735e-06	0.663333333333333
cfDNA	cfDNA_control_17	0	Locked (A/B model)	7.87799859512457e-15	0.663333333333333
cfDNA	cfDNA_control_18	0	Locked (A/B model)	0.71028392864388	0.663333333333333
cfDNA	cfDNA_control_19	0	Locked (A/B model)	0.00336832500305262	0.663333333333333
cfDNA	cfDNA_control_20	0	Locked (A/B model)	0.728895941784766	0.663333333333333
cfDNA	cfDNA_patient_1_diagnosis	1	Locked (A/B model)	0.000581538452087065	0.663333333333333
cfDNA	cfDNA_patient_2_diagnosis	1	Locked (A/B model)	0.841155540673432	0.663333333333333
cfDNA	cfDNA_patient_3_BL	1	Locked (A/B model)	0.731196845194244	0.663333333333333
cfDNA	cfDNA_patient_4_diagnosis	1	Locked (A/B model)	0.863110318403902	0.663333333333333
cfDNA	cfDNA_patient_5_diagnosis	1	Locked (A/B model)	0.796264579252455	0.663333333333333
cfDNA	cfDNA_patient_6_diagnosis	1	Locked (A/B model)	0.740696555378354	0.663333333333333
cfDNA	cfDNA_patient_7_diagnosis	1	Locked (A/B model)	0.863448040803182	0.663333333333333
cfDNA	cfDNA_patient_8_diagnosis	1	Locked (A/B model)	0.980252970900561	0.663333333333333
cfDNA	cfDNA_patient_9_diagnosis	1	Locked (A/B model)	0.0637578561613083	0.663333333333333
cfDNA	cfDNA_patient_10_diagnosis	1	Locked (A/B model)	0.974784047833634	0.663333333333333
cfDNA	cfDNA_patient_11_diagnosis	1	Locked (A/B model)	0.973881746485846	0.663333333333333
cfDNA	cfDNA_patient_12_diagnosis	1	Locked (A/B model)	0.971549218640241	0.663333333333333
cfDNA	cfDNA_patient_13_diagnosis	1	Locked (A/B model)	0.987202124587941	0.663333333333333
cfDNA	cfDNA_patient_14_diagnosis	1	Locked (A/B model)	0.0855238266464777	0.663333333333333
cfDNA	cfDNA_patient_15_diagnosis	1	Locked (A/B model)	0.998507719511705	0.663333333333333
cfDNA	cfDNA_patient_16_diagnosis	1	Locked (A/B model)	0.742843055662486	0.663333333333333
cfDNA	cfDNA_patient_17_diagnosis	1	Locked (A/B model)	0.998170336347778	0.663333333333333
cfDNA	cfDNA_patient_18_diagnosis	1	Locked (A/B model)	4.69605899683216e-09	0.663333333333333
cfDNA	cfDNA_patient_19_diagnosis	1	Locked (A/B model)	0.654003788596403	0.663333333333333
cfDNA	cfDNA_patient_20_diagnosis	1	Locked (A/B model)	0.992855911631426	0.663333333333333
cfDNA	cfDNA_patient_21_diagnosis	1	Locked (A/B model)	0.211171501982921	0.663333333333333
cfDNA	cfDNA_patient_22_diagnosis	1	Locked (A/B model)	0.999083426297008	0.663333333333333
cfDNA	cfDNA_patient_23_diagnosis	1	Locked (A/B model)	0.938317743371045	0.663333333333333
cfDNA	cfDNA_patient_24_diagnosis	1	Locked (A/B model)	0.873848802333589	0.663333333333333
cfDNA	cfDNA_patient_25_diagnosis	1	Locked (A/B model)	0.00511533517806341	0.663333333333333
cfDNA	cfDNA_patient_26_diagnosis	1	Locked (A/B model)	0.847735851079915	0.663333333333333
cfDNA	cfDNA_patient_27_diagnosis	1	Locked (A/B model)	0.742872899708897	0.663333333333333
cfDNA	cfDNA_patient_28_diagnosis	1	Locked (A/B model)	0.999759464551984	0.663333333333333
cfDNA	cfDNA_patient_29_diagnosis	1	Locked (A/B model)	0.963603294001977	0.663333333333333
cfDNA	cfDNA_patient_30_diagnosis	1	Locked (A/B model)	0.474895371943931	0.663333333333333
PBL	PBL_control_1	0	Conventional	2.14639264447652	0.610526315789474
PBL	PBL_control_2	0	Conventional	1.73966932883387	0.610526315789474
PBL	PBL_control_3	0	Conventional	2.00944420375341	0.610526315789474
PBL	PBL_control_4	0	Conventional	1.03682243231739	0.610526315789474
PBL	PBL_control_5	0	Conventional	1.94080821568556	0.610526315789474
PBL	PBL_control_6	0	Conventional	2.19759699403392	0.610526315789474
PBL	PBL_control_7	0	Conventional	1.86900870776522	0.610526315789474
PBL	PBL_control_8	0	Conventional	1.74125734917106	0.610526315789474
PBL	PBL_control_9	0	Conventional	2.57444932465667	0.610526315789474
PBL	PBL_control_10	0	Conventional	2.01409808697944	0.610526315789474
PBL	PBL_control_11	0	Conventional	1.93169477398341	0.610526315789474
PBL	PBL_control_12	0	Conventional	2.02076508122429	0.610526315789474
PBL	PBL_control_13	0	Conventional	1.74577728553809	0.610526315789474
PBL	PBL_control_14	0	Conventional	2.11375973809725	0.610526315789474
PBL	PBL_control_15	0	Conventional	2.09780556771026	0.610526315789474
PBL	PBL_control_16	0	Conventional	1.96914468070073	0.610526315789474
PBL	PBL_control_17	0	Conventional	1.52492389823144	0.610526315789474
PBL	PBL_control_18	0	Conventional	2.20524440654105	0.610526315789474
PBL	PBL_control_19	0	Conventional	2.24268020176407	0.610526315789474
PBL	PBL_patient_1_diagnosis	1	Conventional	2.34932176973188	0.610526315789474
PBL	PBL_patient_2_diagnosis	1	Conventional	2.49495253335424	0.610526315789474
PBL	PBL_patient_3_diagnosis	1	Conventional	2.08781057045269	0.610526315789474
PBL	PBL_patient_4_diagnosis	1	Conventional	2.58961715110997	0.610526315789474
PBL	PBL_patient_5_diagnosis	1	Conventional	2.16339786389346	0.610526315789474
PBL	PBL_patient_6_diagnosis	1	Conventional	1.97588876265467	0.610526315789474
PBL	PBL_patient_7_diagnosis	1	Conventional	1.98736767753247	0.610526315789474
PBL	PBL_patient_8_diagnosis	1	Conventional	2.39176467143188	0.610526315789474
PBL	PBL_patient_9_diagnosis	1	Conventional	2.61303981594225	0.610526315789474
PBL	PBL_patient_10_diagnosis	1	Conventional	2.1043768881522	0.610526315789474
PBL	PBL_patient_11_diagnosis	1	Conventional	1.83921877741468	0.610526315789474
PBL	PBL_patient_12_diagnosis	1	Conventional	1.78456955509125	0.610526315789474
PBL	PBL_patient_13_diagnosis	1	Conventional	2.1814275134654	0.610526315789474
PBL	PBL_patient_14_diagnosis	1	Conventional	2.13424838820255	0.610526315789474
PBL	PBL_patient_15_diagnosis	1	Conventional	2.07610520831408	0.610526315789474
PBL	PBL_patient_16_diagnosis	1	Conventional	1.88456438996763	0.610526315789474
PBL	PBL_patient_17_diagnosis	1	Conventional	2.18569745345699	0.610526315789474
PBL	PBL_patient_18_diagnosis	1	Conventional	2.08240636554205	0.610526315789474
PBL	PBL_patient_19_diagnosis	1	Conventional	1.83089576186398	0.610526315789474
PBL	PBL_patient_20_diagnosis	1	Conventional	2.18370819509919	0.610526315789474
PBL	PBL_patient_21_diagnosis	1	Conventional	1.94912673439025	0.610526315789474
PBL	PBL_patient_22_diagnosis	1	Conventional	2.15450335598937	0.610526315789474
PBL	PBL_patient_23_diagnosis	1	Conventional	2.0819587064465	0.610526315789474
PBL	PBL_patient_24_diagnosis	1	Conventional	1.91385651390387	0.610526315789474
PBL	PBL_patient_25_diagnosis	1	Conventional	2.03268316618004	0.610526315789474
PBL	PBL_patient_26_diagnosis	1	Conventional	1.45872904129648	0.610526315789474
PBL	PBL_patient_27_diagnosis	1	Conventional	2.38512641464048	0.610526315789474
PBL	PBL_patient_28_diagnosis	1	Conventional	1.80023327809134	0.610526315789474
PBL	PBL_patient_29_diagnosis	1	Conventional	1.86320393044111	0.610526315789474
PBL	PBL_patient_30_diagnosis	1	Conventional	2.02617049539444	0.610526315789474
PBL	PBL_control_1	0	Locked (A/B model)	6.97482367515782e-07	0.507017543859649
PBL	PBL_control_2	0	Locked (A/B model)	0.8142562604874	0.507017543859649
PBL	PBL_control_3	0	Locked (A/B model)	4.95091736425965e-05	0.507017543859649
PBL	PBL_control_4	0	Locked (A/B model)	0.00563134150535958	0.507017543859649
PBL	PBL_control_5	0	Locked (A/B model)	1.09829690913249e-06	0.507017543859649
PBL	PBL_control_6	0	Locked (A/B model)	5.74541191957355e-19	0.507017543859649
PBL	PBL_control_7	0	Locked (A/B model)	6.81350601112908e-10	0.507017543859649
PBL	PBL_control_8	0	Locked (A/B model)	0.564106591573773	0.507017543859649
PBL	PBL_control_9	0	Locked (A/B model)	5.38853301131348e-07	0.507017543859649
PBL	PBL_control_10	0	Locked (A/B model)	0.000342953569869683	0.507017543859649
PBL	PBL_control_11	0	Locked (A/B model)	6.17156598320338e-12	0.507017543859649
PBL	PBL_control_12	0	Locked (A/B model)	4.14543519057727e-15	0.507017543859649
PBL	PBL_control_13	0	Locked (A/B model)	3.5229840506948e-07	0.507017543859649
PBL	PBL_control_14	0	Locked (A/B model)	7.90816824571751e-09	0.507017543859649
PBL	PBL_control_15	0	Locked (A/B model)	5.31735029642858e-16	0.507017543859649
PBL	PBL_control_16	0	Locked (A/B model)	7.05703389081114e-13	0.507017543859649
PBL	PBL_control_17	0	Locked (A/B model)	2.54231800225928e-07	0.507017543859649
PBL	PBL_control_18	0	Locked (A/B model)	2.41988862871856e-12	0.507017543859649
PBL	PBL_control_19	0	Locked (A/B model)	6.05104644382239e-21	0.507017543859649
PBL	PBL_patient_1_diagnosis	1	Locked (A/B model)	2.86863157129393e-05	0.507017543859649
PBL	PBL_patient_2_diagnosis	1	Locked (A/B model)	1.14777979244487e-05	0.507017543859649
PBL	PBL_patient_3_diagnosis	1	Locked (A/B model)	1.4729636953224e-14	0.507017543859649
PBL	PBL_patient_4_diagnosis	1	Locked (A/B model)	0.000136584815375917	0.507017543859649
PBL	PBL_patient_5_diagnosis	1	Locked (A/B model)	3.30123556962748e-14	0.507017543859649
PBL	PBL_patient_6_diagnosis	1	Locked (A/B model)	1.40637127642227e-11	0.507017543859649
PBL	PBL_patient_7_diagnosis	1	Locked (A/B model)	6.32744413590634e-13	0.507017543859649
PBL	PBL_patient_8_diagnosis	1	Locked (A/B model)	3.25495317178908e-08	0.507017543859649
PBL	PBL_patient_9_diagnosis	1	Locked (A/B model)	2.84697233752267e-08	0.507017543859649
PBL	PBL_patient_10_diagnosis	1	Locked (A/B model)	8.21134044184911e-14	0.507017543859649
PBL	PBL_patient_11_diagnosis	1	Locked (A/B model)	5.96072988789605e-11	0.507017543859649
PBL	PBL_patient_12_diagnosis	1	Locked (A/B model)	2.92832749235666e-10	0.507017543859649
PBL	PBL_patient_13_diagnosis	1	Locked (A/B model)	2.95942291852035e-16	0.507017543859649
PBL	PBL_patient_14_diagnosis	1	Locked (A/B model)	5.57274023537554e-24	0.507017543859649
PBL	PBL_patient_15_diagnosis	1	Locked (A/B model)	1.5825384376083e-13	0.507017543859649
PBL	PBL_patient_16_diagnosis	1	Locked (A/B model)	0.00638948371290193	0.507017543859649
PBL	PBL_patient_17_diagnosis	1	Locked (A/B model)	0.0669346032997614	0.507017543859649
PBL	PBL_patient_18_diagnosis	1	Locked (A/B model)	1.76709801071301e-14	0.507017543859649
PBL	PBL_patient_19_diagnosis	1	Locked (A/B model)	0.0114562754329886	0.507017543859649
PBL	PBL_patient_20_diagnosis	1	Locked (A/B model)	1.09854158521537e-09	0.507017543859649
PBL	PBL_patient_21_diagnosis	1	Locked (A/B model)	0.000218494457606563	0.507017543859649
PBL	PBL_patient_22_diagnosis	1	Locked (A/B model)	3.62812965245721e-07	0.507017543859649
PBL	PBL_patient_23_diagnosis	1	Locked (A/B model)	1.58100339610736e-10	0.507017543859649
PBL	PBL_patient_24_diagnosis	1	Locked (A/B model)	0.269943340205676	0.507017543859649
PBL	PBL_patient_25_diagnosis	1	Locked (A/B model)	1.97461891576889e-18	0.507017543859649
PBL	PBL_patient_26_diagnosis	1	Locked (A/B model)	0.369158328677775	0.507017543859649
PBL	PBL_patient_27_diagnosis	1	Locked (A/B model)	0.000290467901495665	0.507017543859649
PBL	PBL_patient_28_diagnosis	1	Locked (A/B model)	0.000221705988470515	0.507017543859649
PBL	PBL_patient_29_diagnosis	1	Locked (A/B model)	8.12537859179679e-09	0.507017543859649
PBL	PBL_patient_30_diagnosis	1	Locked (A/B model)	1.14691584673338e-06	0.507017543859649
